EventID,RecordNumber,ErrorCode,Timestamp,Component,User,EventName,StorePath,Event,Url,Reason,PackageFamily,Operation,MessageText
1531,1,,2026-04-01 19:16:02.070658+00:00,,,,,,,,,,
5615,2,,2026-04-01 19:16:09.234800+00:00,,,,,,,,,,
5617,3,,2026-04-01 19:16:09.584856+00:00,,,,,,,,,,
0,4,,2026-04-01 19:16:38.559408+00:00,,,,,,,,,,
4112,5,,2026-04-01 19:16:58.374254+00:00,,,,,,,,,,
4097,6,,2026-04-01 19:17:28.774267+00:00,,,,,,,,,,
508,7,,2026-04-01 19:17:30.781914+00:00,,,,,,,,,,
86,8,Not found (404). 0x80190194 (-2145844844 HTTP_E_STATUS_NOT_FOUND),2026-04-01 19:17:54.122599+00:00,,,,,,https://VMW-KeyId-4ee141457063b21f90e0af375a94b4f3b20f36e6.microsoftaik.azure.net/templates/Aik/scep,,,,"GetCACaps
GetCACaps: Not Found
{""Message"":""The authority \""vmw-keyid-4ee141457063b21f90e0af375a94b4f3b20f36e6.microsoftaik.azure.net\"" does not exist.""}
HTTP/1.1 404 Not Found
Date: Wed, 01 Apr 2026 16:17:15 GMT
Content-Length: 121
Content-Type: application/json; charset=utf-8
X-Content-Type-Options: nosniff
Strict-Transport-Security: max-age=31536000;includeSubDomains
x-ms-request-id: 21ced612-0791-480c-9268-78a446fa8810
"
1532,9,,2026-04-01 19:17:57.908987+00:00,,,,,,,,,,
4625,10,,2026-04-01 19:18:19.339716+00:00,,,,,,,,,,
1531,11,,2026-04-01 19:18:11.126183+00:00,,,,,,,,,,
1534,12,,2026-04-01 19:18:18.130188+00:00,{D63AA156-D534-4BAC-9BF1-55359CF5EC30},,,,Create,,,,,
5615,13,,2026-04-01 19:18:20.414312+00:00,,,,,,,,,,
1008,14,,2026-04-01 16:17:45.517582+00:00,,,,,,,Full Index Reset,,,
1010,15,,2026-04-01 16:17:45.519804+00:00,,,,,,,,,,
1004,16,,2026-04-01 16:17:46.392076+00:00,,,,,,,Full Index Reset,,,
1005,17,,2026-04-01 16:17:46.481220+00:00,,,,,,,,,,
1003,18,,2026-04-01 16:17:46.511967+00:00,,,,,,,,,,
5617,19,,2026-04-01 16:17:48.656155+00:00,,,,,,,,,,
86,20,Not found (404). 0x80190194 (-2145844844 HTTP_E_STATUS_NOT_FOUND),2026-04-01 16:17:51.783461+00:00,,,,,,https://VMW-KeyId-4ee141457063b21f90e0af375a94b4f3b20f36e6.microsoftaik.azure.net/templates/Aik/scep,,,,"GetCACaps
GetCACaps: Not Found
{""Message"":""The authority \""vmw-keyid-4ee141457063b21f90e0af375a94b4f3b20f36e6.microsoftaik.azure.net\"" does not exist.""}
HTTP/1.1 404 Not Found
Date: Wed, 01 Apr 2026 16:17:51 GMT
Content-Length: 121
Content-Type: application/json; charset=utf-8
X-Content-Type-Options: nosniff
Strict-Transport-Security: max-age=31536000;includeSubDomains
x-ms-request-id: 786d1892-ef44-49fd-bd2a-169ee429af96
"
86,21,Not found (404). 0x80190194 (-2145844844 HTTP_E_STATUS_NOT_FOUND),2026-04-01 16:17:52.062466+00:00,,,,,,https://VMW-KeyId-4ee141457063b21f90e0af375a94b4f3b20f36e6.microsoftaik.azure.net/templates/Aik/scep,,,,"GetCACaps
GetCACaps: Not Found
{""Message"":""The authority \""vmw-keyid-4ee141457063b21f90e0af375a94b4f3b20f36e6.microsoftaik.azure.net\"" does not exist.""}
HTTP/1.1 404 Not Found
Date: Wed, 01 Apr 2026 16:17:51 GMT
Content-Length: 121
Content-Type: application/json; charset=utf-8
X-Content-Type-Options: nosniff
Strict-Transport-Security: max-age=31536000;includeSubDomains
x-ms-request-id: 24265d19-b314-48f5-ab25-28226e424174
"
6003,22,,2026-04-01 16:17:55.673452+00:00,,,,,,,,,,
6000,23,,2026-04-01 16:17:56.300859+00:00,,,,,,,,,,
23,24,,2026-04-01 16:18:03.266760+00:00,,,,,,,,Microsoft.AAD.BrokerPlugin_cw5n1h2txyewy,InitializeDataChangedSignaler,
24,25,,2026-04-01 16:18:03.312799+00:00,,,,,,,,Microsoft.AAD.BrokerPlugin_cw5n1h2txyewy,InitializeDataChangedSignaler,
23,26,,2026-04-01 16:18:04.371515+00:00,,,,,,,,Microsoft.Windows.ContentDeliveryManager_cw5n1h2txyewy,InitializeDataChangedSignaler,
24,27,,2026-04-01 16:18:04.440718+00:00,,,,,,,,Microsoft.Windows.ContentDeliveryManager_cw5n1h2txyewy,InitializeDataChangedSignaler,
0,28,,2026-04-01 16:18:05.483015+00:00,,,,,,,,,,
1001,29,,2026-04-01 16:18:05.557135+00:00,,,crashpad_log,\\?\C:\ProgramData\Microsoft\Windows\WER\ReportQueue\NonCritical_MicrosoftEdgeUpd_7541d642bd65f41c97ab6fa4b649cacddb462f_00000000_147adcaf-58ef-422f-8587-2b8d1ed1d9d9,,,,,,
1001,30,,2026-04-01 16:18:05.565447+00:00,,,crashpad_log,,,,,,,
0,31,,2026-04-01 16:18:06.380362+00:00,,,,,,,,,,
1001,32,,2026-04-01 16:18:06.813553+00:00,,,crashpad_log,\\?\C:\ProgramData\Microsoft\Windows\WER\ReportQueue\NonCritical_MicrosoftEdgeUpd_7541d642bd65f41c97ab6fa4b649cacddb462f_00000000_147adcaf-58ef-422f-8587-2b8d1ed1d9d9,,,,,,
23,33,,2026-04-01 16:18:10.132607+00:00,,,,,,,,Microsoft.Windows.CloudExperienceHost_cw5n1h2txyewy,InitializeDataChangedSignaler,
24,34,,2026-04-01 16:18:10.249475+00:00,,,,,,,,Microsoft.Windows.CloudExperienceHost_cw5n1h2txyewy,InitializeDataChangedSignaler,
4109,35,,2026-04-01 16:18:52.959812+00:00,,,,,,,,,,
4108,36,,2026-04-01 16:18:52.959812+00:00,,,,,,,,,,
4111,37,,2026-04-01 16:18:52.959812+00:00,,,,,,,,,,
4097,38,,2026-04-01 16:18:52.976566+00:00,,,,,,,,,,
16384,39,,2026-04-01 16:19:03.825722+00:00,,,,,,,,,,
903,40,,2026-04-01 16:19:03.913687+00:00,,,,,,,,,,
4113,41,,2026-04-01 16:19:32.863476+00:00,,,,,,,,,,
4097,42,,2026-04-01 16:19:34.915995+00:00,,,,,,,,,,
2562,43,,2026-04-01 16:19:41.106510+00:00,,,,,,,,,,
1001,44,,2026-04-01 16:19:42.846962+00:00,,,crashpad_log,\\?\C:\ProgramData\Microsoft\Windows\WER\ReportQueue\NonCritical_setup.exe_4d9ddccf5c67af39c5e753567f54bfe6706fcd_00000000_d7706e3a-dca4-4751-b0e5-63e41bb5aba6,,,,,,
1001,45,,2026-04-01 16:19:42.933550+00:00,,,crashpad_log,,,,,,,
4097,46,,2026-04-01 16:19:42.939671+00:00,,,,,,,,,,
900,47,,2026-04-01 16:19:55.869530+00:00,,,,,,,,,,
16394,48,,2026-04-01 16:19:56.140570+00:00,,,,,,,,,,
1001,49,,2026-04-01 16:19:56.310253+00:00,,,crashpad_log,\\?\C:\ProgramData\Microsoft\Windows\WER\ReportQueue\NonCritical_MicrosoftEdgeUpd_7541d642bd65f41c97ab6fa4b649cacddb462f_00000000_147adcaf-58ef-422f-8587-2b8d1ed1d9d9,,,,,,
1,50,,2026-04-01 16:19:57.406963+00:00,,,,,,,,,,
1001,51,,2026-04-01 16:19:57.435835+00:00,,,crashpad_log,\\?\C:\ProgramData\Microsoft\Windows\WER\ReportQueue\NonCritical_setup.exe_4d9ddccf5c67af39c5e753567f54bfe6706fcd_00000000_d7706e3a-dca4-4751-b0e5-63e41bb5aba6,,,,,,
16,52,,2026-04-01 16:19:59.506359+00:00,,,,,,,,,,
15,53,,2026-04-01 16:19:59.525372+00:00,,,,,,,,,,
0,54,,2026-04-01 16:20:39.460041+00:00,,,,,,,,,,
0,55,,2026-04-01 16:21:11.266569+00:00,,,,,,,,,,
16384,56,,2026-04-01 16:21:28.805496+00:00,,,,,,,,,,
16394,57,,2026-04-01 16:22:00.163301+00:00,,,,,,,,,,
0,58,,2026-04-01 16:22:10.712015+00:00,,,,,,,,,,
16384,59,,2026-04-01 16:22:41.343395+00:00,,,,,,,,,,
16394,60,,2026-04-01 16:22:42.943905+00:00,,,,,,,,,,
1034,61,,2026-04-01 16:22:51.660219+00:00,,,,,,,,,,
1034,62,,2026-04-01 16:22:51.663242+00:00,,,,,,,,,,
16384,63,,2026-04-01 16:23:24.919819+00:00,,,,,,,,,,
0,64,,2026-04-01 16:23:44.637442+00:00,,,,,,,,,,
16394,65,,2026-04-01 16:24:01.301516+00:00,,,,,,,,,,
0,66,,2026-04-01 16:24:07.835255+00:00,,,,,,,,,,
16384,67,,2026-04-01 16:24:37.728781+00:00,,,,,,,,,,
0,68,,2026-04-01 16:25:08.090357+00:00,,,,,,,,,,
0,69,,2026-04-01 16:26:07.940380+00:00,,,,,,,,,,
0,70,,2026-04-01 16:27:07.869680+00:00,,,,,,,,,,
0,71,,2026-04-01 16:28:07.923723+00:00,,,,,,,,,,
1001,72,,2026-04-01 16:28:11.820980+00:00,,,AppxDeploymentFailureBlue,,,,,,,
0,73,,2026-04-01 16:29:08.081606+00:00,,,,,,,,,,
0,74,,2026-04-01 16:30:07.926476+00:00,,,,,,,,,,
16394,75,,2026-04-01 16:31:06.594921+00:00,,,,,,,,,,
0,76,,2026-04-01 16:31:09.955158+00:00,,,,,,,,,,
6000,77,,2026-04-01 16:31:34.304621+00:00,,,,,,,,,,
6000,78,,2026-04-01 16:31:34.370090+00:00,,,,,,,,,,
1532,79,,2026-04-01 16:31:34.867331+00:00,,,,,,,,,,
4625,80,,2026-04-01 16:31:54.591215+00:00,,,,,,,,,,
1531,81,,2026-04-01 16:31:53.696371+00:00,,,,,,,,,,
6003,82,,2026-04-01 16:31:55.455351+00:00,,,,,,,,,,
6000,83,,2026-04-01 16:31:58.153456+00:00,,,,,,,,,,
5615,84,,2026-04-01 16:31:57.459808+00:00,,,,,,,,,,
0,85,,2026-04-01 16:32:04.768066+00:00,,,,,,,,,,
1003,86,,2026-04-01 16:32:08.278051+00:00,,,,,,,,,,
1001,87,,2026-04-01 16:32:18.496347+00:00,,,crashpad_log,\\?\C:\ProgramData\Microsoft\Windows\WER\ReportQueue\NonCritical_MicrosoftEdgeUpd_7541d642bd65f41c97ab6fa4b649cacddb462f_00000000_147adcaf-58ef-422f-8587-2b8d1ed1d9d9,,,,,,
1001,88,,2026-04-01 16:32:18.878799+00:00,,,crashpad_log,\\?\C:\ProgramData\Microsoft\Windows\WER\ReportQueue\NonCritical_setup.exe_4d9ddccf5c67af39c5e753567f54bfe6706fcd_00000000_d7706e3a-dca4-4751-b0e5-63e41bb5aba6,,,,,,
86,89,Not found (404). 0x80190194 (-2145844844 HTTP_E_STATUS_NOT_FOUND),2026-04-01 16:32:21.294371+00:00,,,,,,https://VMW-KeyId-4ee141457063b21f90e0af375a94b4f3b20f36e6.microsoftaik.azure.net/templates/Aik/scep,,,,"GetCACaps
GetCACaps: Not Found
{""Message"":""The authority \""vmw-keyid-4ee141457063b21f90e0af375a94b4f3b20f36e6.microsoftaik.azure.net\"" does not exist.""}
HTTP/1.1 404 Not Found
Date: Wed, 01 Apr 2026 16:32:21 GMT
Content-Length: 121
Content-Type: application/json; charset=utf-8
X-Content-Type-Options: nosniff
Strict-Transport-Security: max-age=31536000;includeSubDomains
x-ms-request-id: ba0d4f41-5b70-44d7-9bdc-77f490ad1528
"
86,90,Not found (404). 0x80190194 (-2145844844 HTTP_E_STATUS_NOT_FOUND),2026-04-01 16:32:21.595459+00:00,,,,,,https://VMW-KeyId-4ee141457063b21f90e0af375a94b4f3b20f36e6.microsoftaik.azure.net/templates/Aik/scep,,,,"GetCACaps
GetCACaps: Not Found
{""Message"":""The authority \""vmw-keyid-4ee141457063b21f90e0af375a94b4f3b20f36e6.microsoftaik.azure.net\"" does not exist.""}
HTTP/1.1 404 Not Found
Date: Wed, 01 Apr 2026 16:32:21 GMT
Content-Length: 121
Content-Type: application/json; charset=utf-8
X-Content-Type-Options: nosniff
Strict-Transport-Security: max-age=31536000;includeSubDomains
x-ms-request-id: 83facaf2-920b-4cff-833a-b5bc1a36714c
"
4097,91,,2026-04-01 16:32:58.001629+00:00,,,,,,,,,,
5617,92,,2026-04-01 16:32:58.423372+00:00,,,,,,,,,,
4097,93,,2026-04-01 16:33:01.054394+00:00,,,,,,,,,,
4097,94,,2026-04-01 16:33:01.780930+00:00,,,,,,,,,,
0,95,,2026-04-01 16:33:07.196976+00:00,,,,,,,,,,
0,96,,2026-04-01 16:33:58.830261+00:00,,,,,,,,,,
900,97,,2026-04-01 16:33:59.303370+00:00,,,,,,,,,,
16394,98,,2026-04-01 16:33:59.343018+00:00,,,,,,,,,,
1066,99,,2026-04-01 16:33:59.370682+00:00,,,,,,,,,,
1003,100,,2026-04-01 16:33:59.391781+00:00,,,,,,,,,,
902,101,,2026-04-01 16:33:59.517756+00:00,,,,,,,,,,
1,102,,2026-04-01 16:34:01.100508+00:00,,,,,,,,,,
0,103,,2026-04-01 16:34:02.523701+00:00,,,,,,,,,,
15,104,,2026-04-01 16:34:03.120291+00:00,,,,,,,,,,
16384,105,,2026-04-01 16:34:29.565136+00:00,,,,,,,,,,
903,106,,2026-04-01 16:34:29.569742+00:00,,,,,,,,,,
1001,107,,2026-04-01 16:34:54.868172+00:00,,,crashpad_log,\\?\C:\ProgramData\Microsoft\Windows\WER\ReportQueue\NonCritical_MicrosoftEdgeUpd_7541d642bd65f41c97ab6fa4b649cacddb462f_00000000_147adcaf-58ef-422f-8587-2b8d1ed1d9d9,,,,,,
1001,108,,2026-04-01 16:34:54.889849+00:00,,,crashpad_log,\\?\C:\ProgramData\Microsoft\Windows\WER\ReportQueue\NonCritical_setup.exe_4d9ddccf5c67af39c5e753567f54bfe6706fcd_00000000_d7706e3a-dca4-4751-b0e5-63e41bb5aba6,,,,,,
0,109,,2026-04-01 16:35:02.309685+00:00,,,,,,,,,,
0,110,,2026-04-01 16:36:02.320648+00:00,,,,,,,,,,
16394,111,,2026-04-01 16:36:03.841923+00:00,,,,,,,,,,
16384,112,,2026-04-01 16:36:33.940302+00:00,,,,,,,,,,
0,113,,2026-04-01 16:37:02.082256+00:00,,,,,,,,,,
1001,114,,2026-04-01 16:37:07.116201+00:00,,,AppxDeploymentFailureBlue,,,,,,,
0,115,,2026-04-01 16:38:02.098381+00:00,,,,,,,,,,
0,116,,2026-04-01 16:39:02.094675+00:00,,,,,,,,,,
0,117,,2026-04-01 16:40:02.077047+00:00,,,,,,,,,,
0,118,,2026-04-01 16:41:02.162386+00:00,,,,,,,,,,
0,119,,2026-04-01 16:42:02.124294+00:00,,,,,,,,,,
0,120,,2026-04-01 16:43:02.424610+00:00,,,,,,,,,,
16394,121,,2026-04-01 16:43:55.442039+00:00,,,,,,,,,,
0,122,,2026-04-01 16:44:02.375448+00:00,,,,,,,,,,
16384,123,,2026-04-01 16:44:25.803284+00:00,,,,,,,,,,
0,124,,2026-04-01 16:45:02.557985+00:00,,,,,,,,,,
0,125,,2026-04-01 16:46:02.399546+00:00,,,,,,,,,,
0,126,,2026-04-01 16:47:02.427088+00:00,,,,,,,,,,
5,127,,2026-04-01 16:47:59.200512+00:00,,NormalVM\pizza,,,,,,,,
0,128,,2026-04-01 16:48:05.843029+00:00,,,,,,,,,,
0,129,,2026-04-01 16:49:06.101585+00:00,,,,,,,,,,
6000,130,,2026-04-01 16:49:30.842255+00:00,,,,,,,,,,
6000,131,,2026-04-01 16:49:30.890772+00:00,,,,,,,,,,
6003,132,,2026-04-01 16:49:32.165447+00:00,,,,,,,,,,
6000,133,,2026-04-01 16:49:34.411791+00:00,,,,,,,,,,
23,134,,2026-04-01 16:49:49.197721+00:00,,,,,,,,MicrosoftWindows.Client.CBS_cw5n1h2txyewy,InitializeDataChangedSignaler,
23,135,,2026-04-01 16:49:49.665964+00:00,,,,,,,,Microsoft.AAD.BrokerPlugin_cw5n1h2txyewy,InitializeDataChangedSignaler,
24,136,,2026-04-01 16:49:49.932964+00:00,,,,,,,,MicrosoftWindows.Client.CBS_cw5n1h2txyewy,InitializeDataChangedSignaler,
23,137,,2026-04-01 16:49:50.827181+00:00,,,,,,,,Microsoft.Windows.ContentDeliveryManager_cw5n1h2txyewy,InitializeDataChangedSignaler,
23,138,,2026-04-01 16:49:50.846521+00:00,,,,,,,,Microsoft.Windows.ContentDeliveryManager_cw5n1h2txyewy,InitializeDataChangedSignaler,
23,139,,2026-04-01 16:49:51.198141+00:00,,,,,,,,Microsoft.AAD.BrokerPlugin_cw5n1h2txyewy,InitializeDataChangedSignaler,
24,140,,2026-04-01 16:49:51.275238+00:00,,,,,,,,Microsoft.AAD.BrokerPlugin_cw5n1h2txyewy,InitializeDataChangedSignaler,
24,141,,2026-04-01 16:49:51.288330+00:00,,,,,,,,Microsoft.AAD.BrokerPlugin_cw5n1h2txyewy,InitializeDataChangedSignaler,
24,142,,2026-04-01 16:49:51.711084+00:00,,,,,,,,Microsoft.Windows.ContentDeliveryManager_cw5n1h2txyewy,InitializeDataChangedSignaler,
24,143,,2026-04-01 16:49:51.732090+00:00,,,,,,,,Microsoft.Windows.ContentDeliveryManager_cw5n1h2txyewy,InitializeDataChangedSignaler,
23,144,,2026-04-01 16:49:51.781109+00:00,,,,,,,,Microsoft.Windows.StartMenuExperienceHost_cw5n1h2txyewy,InitializeDataChangedSignaler,
24,145,,2026-04-01 16:49:51.813271+00:00,,,,,,,,Microsoft.Windows.StartMenuExperienceHost_cw5n1h2txyewy,InitializeDataChangedSignaler,
16394,146,,2026-04-01 16:49:58.531616+00:00,,,,,,,,,,
0,147,,2026-04-01 16:50:05.902750+00:00,,,,,,,,,,
16384,148,,2026-04-01 16:50:34.578098+00:00,,,,,,,,,,
0,149,,2026-04-01 16:51:04.236486+00:00,,,,,,,,,,
1531,150,,2026-04-01 17:17:42.359589+00:00,,,,,,,,,,
5615,151,,2026-04-01 17:17:48.143843+00:00,,,,,,,,,,
6003,152,,2026-04-01 17:17:51.032452+00:00,,,,,,,,,,
6000,153,,2026-04-01 17:17:51.372316+00:00,,,,,,,,,,
900,154,,2026-04-01 17:17:53.265373+00:00,,,,,,,,,,
16394,155,,2026-04-01 17:17:53.689659+00:00,,,,,,,,,,
1066,156,,2026-04-01 17:17:54.305897+00:00,,,,,,,,,,
1003,157,,2026-04-01 17:17:54.373623+00:00,,,,,,,,,,
902,158,,2026-04-01 17:17:54.613213+00:00,,,,,,,,,,
16388,159,,2026-04-01 17:18:01.053923+00:00,,,,,,,,,,
1003,160,,2026-04-01 17:18:08.798828+00:00,,,,,,,,,,
5611,161,,2026-04-01 17:18:20.942625+00:00,,,,,,,,,,
5617,162,,2026-04-01 17:18:23.226330+00:00,,,,,,,,,,
1,163,,2026-04-01 17:18:24.812721+00:00,,S-1-5-21-2352865859-2334931103-2005901029-1000,,,,,,,,
1,164,,2026-04-01 17:18:24.998314+00:00,,S-1-5-21-2352865859-2334931103-2005901029-1000,,,,,,,,
8230,165,,2026-04-01 17:18:31.228558+00:00,,,,,,,,,,
1003,166,,2026-04-01 17:18:33.595781+00:00,,,,,,,,,,
1003,167,,2026-04-01 17:18:33.617966+00:00,,,,,,,,,,
1003,168,,2026-04-01 17:18:33.647331+00:00,,,,,,,,,,
8198,169,,2026-04-01 17:18:33.663181+00:00,,,,,,,,,,
1001,170,,2026-04-01 17:18:46.482775+00:00,,,crashpad_log,\\?\C:\ProgramData\Microsoft\Windows\WER\ReportArchive\NonCritical_MicrosoftEdgeUpd_7541d642bd65f41c97ab6fa4b649cacddb462f_00000000_147adcaf-58ef-422f-8587-2b8d1ed1d9d9,,,,,,
1001,171,,2026-04-01 17:18:58.583103+00:00,,,crashpad_log,\\?\C:\ProgramData\Microsoft\Windows\WER\ReportArchive\NonCritical_setup.exe_4d9ddccf5c67af39c5e753567f54bfe6706fcd_00000000_d7706e3a-dca4-4751-b0e5-63e41bb5aba6,,,,,,
2562,172,,2026-04-01 17:19:14.879072+00:00,,,,,,,,,,
86,173,Not found (404). 0x80190194 (-2145844844 HTTP_E_STATUS_NOT_FOUND),2026-04-01 17:19:16.109520+00:00,,,,,,https://VMW-KeyId-4ee141457063b21f90e0af375a94b4f3b20f36e6.microsoftaik.azure.net/templates/Aik/scep,,,,"GetCACaps
GetCACaps: Not Found
{""Message"":""The authority \""vmw-keyid-4ee141457063b21f90e0af375a94b4f3b20f36e6.microsoftaik.azure.net\"" does not exist.""}
HTTP/1.1 404 Not Found
Date: Wed, 01 Apr 2026 17:19:15 GMT
Content-Length: 121
Content-Type: application/json; charset=utf-8
X-Content-Type-Options: nosniff
Strict-Transport-Security: max-age=31536000;includeSubDomains
x-ms-request-id: e100848d-4667-46bb-b011-31dedb18a198
"
86,174,Not found (404). 0x80190194 (-2145844844 HTTP_E_STATUS_NOT_FOUND),2026-04-01 17:19:32.237917+00:00,,,,,,https://VMW-KeyId-4ee141457063b21f90e0af375a94b4f3b20f36e6.microsoftaik.azure.net/templates/Aik/scep,,,,"GetCACaps
GetCACaps: Not Found
{""Message"":""The authority \""vmw-keyid-4ee141457063b21f90e0af375a94b4f3b20f36e6.microsoftaik.azure.net\"" does not exist.""}
HTTP/1.1 404 Not Found
Date: Wed, 01 Apr 2026 17:19:26 GMT
Content-Length: 121
Content-Type: application/json; charset=utf-8
X-Content-Type-Options: nosniff
Strict-Transport-Security: max-age=31536000;includeSubDomains
x-ms-request-id: 6514e2b6-cf9f-4f76-828c-e9f5cd1aac4f
"
0,175,,2026-04-01 17:20:00.130701+00:00,,,,,,,,,,
16384,176,,2026-04-01 17:20:02.702288+00:00,,,,,,,,,,
903,177,,2026-04-01 17:20:03.095547+00:00,,,,,,,,,,
16394,178,,2026-04-01 17:20:09.515802+00:00,,,,,,,,,,
1,179,,2026-04-01 17:20:16.491661+00:00,,,,,,,,,,
15,180,,2026-04-01 17:20:18.529097+00:00,,,,,,,,,,
16384,181,,2026-04-01 17:20:44.157875+00:00,,,,,,,,,,
256,182,,2026-04-01 17:21:27.302151+00:00,,,,,,,,,,
15,183,,2026-04-01 17:22:26.270248+00:00,,,,,,,,,,
4097,184,,2026-04-01 17:22:26.355322+00:00,,,,,,,,,,
1001,185,,2026-04-01 17:23:37.005581+00:00,,,AppxDeploymentFailureBlue,,,,,,,
16394,186,,2026-04-01 17:23:45.150333+00:00,,,,,,,,,,
1034,187,,2026-04-01 17:23:45.371904+00:00,,,,,,,,,,
1034,188,,2026-04-01 17:23:45.374750+00:00,,,,,,,,,,
16384,189,,2026-04-01 17:24:15.445995+00:00,,,,,,,,,,
2562,190,,2026-04-01 17:25:46.774721+00:00,,,,,,,,,,
2562,191,,2026-04-01 17:26:21.812149+00:00,,,,,,,,,,
2562,192,,2026-04-01 17:26:38.066153+00:00,,,,,,,,,,
2562,193,,2026-04-01 17:26:38.066502+00:00,,,,,,,,,,
2562,194,,2026-04-01 17:26:41.866581+00:00,,,,,,,,,,
2562,195,,2026-04-01 17:26:41.866838+00:00,,,,,,,,,,
1001,196,,2026-04-01 17:26:43.095562+00:00,,,StoreAgentInstallFailure1,\\?\C:\ProgramData\Microsoft\Windows\WER\ReportQueue\NonCritical_Update;UsoClient_cf5c055f8d343835f9ae8e04e73bc28fe5b630_00000000_20fa2dde-76d4-4db7-8c7d-edb01d1c7696,,,,,,
1001,197,,2026-04-01 17:26:43.105833+00:00,,,StoreAgentInstallFailure1,\\?\C:\ProgramData\Microsoft\Windows\WER\ReportQueue\NonCritical_Update;UsoClient_5d9f1092cd226db56f62b23ccde0ac86bd1bc8_00000000_10aebd7d-ff18-48be-832a-1fc6578cb38f,,,,,,
1001,198,,2026-04-01 17:26:51.570543+00:00,,,StoreAgentInstallFailure1,\\?\C:\ProgramData\Microsoft\Windows\WER\ReportArchive\NonCritical_Update;UsoClient_5d9f1092cd226db56f62b23ccde0ac86bd1bc8_00000000_10aebd7d-ff18-48be-832a-1fc6578cb38f,,,,,,
2562,199,,2026-04-01 17:27:04.549025+00:00,,,,,,,,,,
2562,200,,2026-04-01 17:27:06.591087+00:00,,,,,,,,,,
1001,201,,2026-04-01 17:27:07.267185+00:00,,,StoreAgentInstallFailure1,\\?\C:\ProgramData\Microsoft\Windows\WER\ReportArchive\NonCritical_Update;UsoClient_cf5c055f8d343835f9ae8e04e73bc28fe5b630_00000000_20fa2dde-76d4-4db7-8c7d-edb01d1c7696,,,,,,
2562,202,,2026-04-01 17:27:08.653820+00:00,,,,,,,,,,
2562,203,,2026-04-01 17:27:08.654034+00:00,,,,,,,,,,
8224,204,,2026-04-01 17:31:12.488871+00:00,,,,,,,,,,
1531,205,,2026-04-01 18:09:11.456764+00:00,,,,,,,,,,
5615,206,,2026-04-01 18:09:16.033192+00:00,,,,,,,,,,
900,207,,2026-04-01 18:09:25.801413+00:00,,,,,,,,,,
16394,208,,2026-04-01 18:09:25.869919+00:00,,,,,,,,,,
1066,209,,2026-04-01 18:09:25.949215+00:00,,,,,,,,,,
1003,210,,2026-04-01 18:09:25.984123+00:00,,,,,,,,,,
902,211,,2026-04-01 18:09:26.043873+00:00,,,,,,,,,,
1003,212,,2026-04-01 18:09:27.340816+00:00,,,,,,,,,,
8198,213,,2026-04-01 18:09:27.354895+00:00,,,,,,,,,,
86,214,Not found (404). 0x80190194 (-2145844844 HTTP_E_STATUS_NOT_FOUND),2026-04-01 18:09:32.588472+00:00,,,,,,https://VMW-KeyId-4ee141457063b21f90e0af375a94b4f3b20f36e6.microsoftaik.azure.net/templates/Aik/scep,,,,"GetCACaps
GetCACaps: Not Found
{""Message"":""The authority \""vmw-keyid-4ee141457063b21f90e0af375a94b4f3b20f36e6.microsoftaik.azure.net\"" does not exist.""}
HTTP/1.1 404 Not Found
Date: Wed, 01 Apr 2026 18:09:32 GMT
Content-Length: 121
Content-Type: application/json; charset=utf-8
X-Content-Type-Options: nosniff
Strict-Transport-Security: max-age=31536000;includeSubDomains
x-ms-request-id: fd013bd1-04f6-44a6-8c46-913f7620c604
"
86,215,Not found (404). 0x80190194 (-2145844844 HTTP_E_STATUS_NOT_FOUND),2026-04-01 18:09:32.802769+00:00,,,,,,https://VMW-KeyId-4ee141457063b21f90e0af375a94b4f3b20f36e6.microsoftaik.azure.net/templates/Aik/scep,,,,"GetCACaps
GetCACaps: Not Found
{""Message"":""The authority \""vmw-keyid-4ee141457063b21f90e0af375a94b4f3b20f36e6.microsoftaik.azure.net\"" does not exist.""}
HTTP/1.1 404 Not Found
Date: Wed, 01 Apr 2026 18:09:32 GMT
Content-Length: 121
Content-Type: application/json; charset=utf-8
X-Content-Type-Options: nosniff
Strict-Transport-Security: max-age=31536000;includeSubDomains
x-ms-request-id: 672ea153-250f-432f-859a-7032f43e2891
"
16384,216,,2026-04-01 18:09:57.379700+00:00,,,,,,,,,,
903,217,,2026-04-01 18:09:57.607220+00:00,,,,,,,,,,
5611,218,,2026-04-01 18:10:16.101835+00:00,,,,,,,,,,
5617,219,,2026-04-01 18:10:16.751444+00:00,,,,,,,,,,
0,220,,2026-04-01 18:11:22.457342+00:00,,,,,,,,,,
900,221,,2026-04-01 18:11:22.954361+00:00,,,,,,,,,,
16394,222,,2026-04-01 18:11:23.031101+00:00,,,,,,,,,,
1,223,,2026-04-01 18:11:25.178272+00:00,,,,,,,,,,
1003,224,,2026-04-01 18:11:26.539467+00:00,,,,,,,,,,
15,225,,2026-04-01 18:11:27.217386+00:00,,,,,,,,,,
15,226,,2026-04-01 18:11:36.740061+00:00,,,,,,,,,,
16384,227,,2026-04-01 18:11:53.076006+00:00,,,,,,,,,,
6003,228,,2026-04-01 18:12:32.441202+00:00,,,,,,,,,,
6000,229,,2026-04-01 18:12:32.792021+00:00,,,,,,,,,,
16394,230,,2026-04-01 18:12:58.496927+00:00,,,,,,,,,,
1003,231,,2026-04-01 18:13:00.798950+00:00,,,,,,,,,,
1003,232,,2026-04-01 18:13:00.827806+00:00,,,,,,,,,,
8198,233,,2026-04-01 18:13:00.843567+00:00,,,,,,,,,,
23,234,,2026-04-01 18:13:11.064199+00:00,,,,,,,,Microsoft.Windows.ShellExperienceHost_cw5n1h2txyewy,InitializeDataChangedSignaler,
24,235,,2026-04-01 18:13:11.296776+00:00,,,,,,,,Microsoft.Windows.ShellExperienceHost_cw5n1h2txyewy,InitializeDataChangedSignaler,
256,236,,2026-04-01 18:13:46.061434+00:00,,,,,,,,,,
16384,237,,2026-04-01 18:13:52.642691+00:00,,,,,,,,,,
16394,238,,2026-04-01 18:15:09.234076+00:00,,,,,,,,,,
16384,239,,2026-04-01 18:15:39.506435+00:00,,,,,,,,,,
256,240,,2026-04-01 18:16:13.671303+00:00,,,,,,,,,,
1531,241,,2026-04-08 15:32:47.136013+00:00,,,,,,,,,,
5615,242,,2026-04-08 15:32:53.546499+00:00,,,,,,,,,,
6003,243,,2026-04-08 15:32:59.841478+00:00,,,,,,,,,,
6000,244,,2026-04-08 15:33:00.245174+00:00,,,,,,,,,,
900,245,,2026-04-08 15:33:02.342793+00:00,,,,,,,,,,
16394,246,,2026-04-08 15:33:02.905676+00:00,,,,,,,,,,
1066,247,,2026-04-08 15:33:03.205259+00:00,,,,,,,,,,
1003,248,,2026-04-08 15:33:03.250193+00:00,,,,,,,,,,
902,249,,2026-04-08 15:33:03.502659+00:00,,,,,,,,,,
5611,250,,2026-04-08 15:33:09.262280+00:00,,,,,,,,,,
5617,251,,2026-04-08 15:33:14.085804+00:00,,,,,,,,,,
1003,252,,2026-04-08 15:33:25.348061+00:00,,,,,,,,,,
1003,253,,2026-04-08 15:33:26.143290+00:00,,,,,,,,,,
8198,254,,2026-04-08 15:33:26.255146+00:00,,,,,,,,,,
1003,255,,2026-04-08 15:33:28.480516+00:00,,,,,,,,,,
1003,256,,2026-04-08 15:33:28.583843+00:00,,,,,,,,,,
8198,257,,2026-04-08 15:33:28.605125+00:00,,,,,,,,,,
1003,258,,2026-04-08 15:33:31.175035+00:00,,,,,,,,,,
1003,259,,2026-04-08 15:33:31.207823+00:00,,,,,,,,,,
8198,260,,2026-04-08 15:33:31.223438+00:00,,,,,,,,,,
1001,261,,2026-04-08 15:33:58.263874+00:00,,,crashpad_log,\\?\C:\ProgramData\Microsoft\Windows\WER\ReportArchive\NonCritical_MicrosoftEdgeUpd_a82170bb559d9c99e928ccd5a3b14aa8ab9c73_00000000_ccbbb043-9953-4f0f-a003-58b7b7891406,,,,,,
1001,262,,2026-04-08 15:33:58.276056+00:00,,,crashpad_log,,,,,,,
86,263,Not found (404). 0x80190194 (-2145844844 HTTP_E_STATUS_NOT_FOUND),2026-04-08 15:34:01.243790+00:00,,,,,,https://VMW-KeyId-4ee141457063b21f90e0af375a94b4f3b20f36e6.microsoftaik.azure.net/templates/Aik/scep,,,,"GetCACaps
GetCACaps: Not Found
{""Message"":""The authority \""vmw-keyid-4ee141457063b21f90e0af375a94b4f3b20f36e6.microsoftaik.azure.net\"" does not exist.""}
HTTP/1.1 404 Not Found
Date: Wed, 08 Apr 2026 15:34:31 GMT
Content-Length: 121
Content-Type: application/json; charset=utf-8
X-Content-Type-Options: nosniff
Strict-Transport-Security: max-age=31536000;includeSubDomains
x-ms-request-id: d6923725-02db-44fb-8c86-2b375300ea1a
"
86,264,Not found (404). 0x80190194 (-2145844844 HTTP_E_STATUS_NOT_FOUND),2026-04-08 15:34:13.987068+00:00,,,,,,https://VMW-KeyId-4ee141457063b21f90e0af375a94b4f3b20f36e6.microsoftaik.azure.net/templates/Aik/scep,,,,"GetCACaps
GetCACaps: Not Found
{""Message"":""The authority \""vmw-keyid-4ee141457063b21f90e0af375a94b4f3b20f36e6.microsoftaik.azure.net\"" does not exist.""}
HTTP/1.1 404 Not Found
Date: Wed, 08 Apr 2026 15:34:39 GMT
Content-Length: 121
Content-Type: application/json; charset=utf-8
X-Content-Type-Options: nosniff
Strict-Transport-Security: max-age=31536000;includeSubDomains
x-ms-request-id: c337f986-eb51-4cab-b55f-b587c69e0e1b
"
1003,265,,2026-04-08 15:34:24.862379+00:00,,,,,,,,,,
1,266,,2026-04-08 15:35:03.366678+00:00,,,,,,,,,,
15,267,,2026-04-08 15:35:05.437887+00:00,,,,,,,,,,
0,268,,2026-04-08 15:35:17.204803+00:00,,,,,,,,,,
0,269,,2026-04-08 15:35:18.344784+00:00,,,,,,,,,,
16384,270,,2026-04-08 15:35:19.177582+00:00,,,,,,,,,,
903,271,,2026-04-08 15:35:19.577280+00:00,,,,,,,,,,
1130,272,,2026-04-08 15:35:24.156719+00:00,,,,,,,,,,
8224,273,,2026-04-08 15:36:51.334141+00:00,,,,,,,,,,
15,274,,2026-04-08 15:37:15.625008+00:00,,,,,,,,,,
15,275,,2026-04-08 15:37:17.684877+00:00,,,,,,,,,,
15,276,,2026-04-08 15:37:20.255260+00:00,,,,,,,,,,
15,277,,2026-04-08 15:37:22.371790+00:00,,,,,,,,,,
15,278,,2026-04-08 15:37:24.586254+00:00,,,,,,,,,,
1001,279,,2026-04-08 15:37:24.823706+00:00,,,crashpad_log,\\?\C:\ProgramData\Microsoft\Windows\WER\ReportArchive\NonCritical_setup.exe_3972d54f75ab6f12563052bcbd0d657bad1af4b_00000000_29ffb3b2-66c0-4c86-8d86-b338b838d296,,,,,,
1001,280,,2026-04-08 15:37:24.829084+00:00,,,crashpad_log,,,,,,,
15,281,,2026-04-08 15:37:38.743616+00:00,,,,,,,,,,
16394,282,,2026-04-08 15:38:25.958149+00:00,,,,,,,,,,
1034,283,,2026-04-08 15:38:26.168478+00:00,,,,,,,,,,
1034,284,,2026-04-08 15:38:26.172682+00:00,,,,,,,,,,
0,285,,2026-04-08 15:39:06.033611+00:00,,,,,,,,,,
16384,286,,2026-04-08 15:39:41.950199+00:00,,,,,,,,,,
16394,287,,2026-04-08 15:39:45.200266+00:00,,,,,,,,,,
16384,288,,2026-04-08 15:40:16.313288+00:00,,,,,,,,,,
256,289,,2026-04-08 15:40:46.439642+00:00,,,,,,,,,,
8224,290,,2026-04-08 15:46:19.253326+00:00,,,,,,,,,,
16394,291,,2026-04-08 15:48:02.113871+00:00,,,,,,,,,,
1531,292,,2026-04-08 22:19:42.362818+00:00,,,,,,,,,,
5615,293,,2026-04-08 22:19:48.514380+00:00,,,,,,,,,,
900,294,,2026-04-08 22:19:56.518003+00:00,,,,,,,,,,
16394,295,,2026-04-08 22:19:56.901106+00:00,,,,,,,,,,
1066,296,,2026-04-08 22:19:57.026419+00:00,,,,,,,,,,
1003,297,,2026-04-08 22:19:57.050293+00:00,,,,,,,,,,
902,298,,2026-04-08 22:19:57.123478+00:00,,,,,,,,,,
5611,299,,2026-04-08 22:19:56.930338+00:00,,,,,,,,,,
5617,300,,2026-04-08 22:19:58.035875+00:00,,,,,,,,,,
1003,301,,2026-04-08 22:19:59.205973+00:00,,,,,,,,,,
8198,302,,2026-04-08 22:19:59.219971+00:00,,,,,,,,,,
86,303,Not found (404). 0x80190194 (-2145844844 HTTP_E_STATUS_NOT_FOUND),2026-04-08 22:20:04.553679+00:00,,,,,,https://VMW-KeyId-4ee141457063b21f90e0af375a94b4f3b20f36e6.microsoftaik.azure.net/templates/Aik/scep,,,,"GetCACaps
GetCACaps: Not Found
{""Message"":""The authority \""vmw-keyid-4ee141457063b21f90e0af375a94b4f3b20f36e6.microsoftaik.azure.net\"" does not exist.""}
HTTP/1.1 404 Not Found
Date: Wed, 08 Apr 2026 22:20:36 GMT
Content-Length: 121
Content-Type: application/json; charset=utf-8
X-Content-Type-Options: nosniff
Strict-Transport-Security: max-age=31536000;includeSubDomains
x-ms-request-id: c9e422a6-44df-4baa-b0fd-f18e6aa24750
"
86,304,Not found (404). 0x80190194 (-2145844844 HTTP_E_STATUS_NOT_FOUND),2026-04-08 22:20:04.831894+00:00,,,,,,https://VMW-KeyId-4ee141457063b21f90e0af375a94b4f3b20f36e6.microsoftaik.azure.net/templates/Aik/scep,,,,"GetCACaps
GetCACaps: Not Found
{""Message"":""The authority \""vmw-keyid-4ee141457063b21f90e0af375a94b4f3b20f36e6.microsoftaik.azure.net\"" does not exist.""}
HTTP/1.1 404 Not Found
Date: Wed, 08 Apr 2026 22:20:38 GMT
Content-Length: 121
Content-Type: application/json; charset=utf-8
X-Content-Type-Options: nosniff
Strict-Transport-Security: max-age=31536000;includeSubDomains
x-ms-request-id: 08f574a7-5b99-47c5-9d68-24ee945e98bd
"
16384,305,,2026-04-08 22:20:29.442387+00:00,,,,,,,,,,
903,306,,2026-04-08 22:20:29.670460+00:00,,,,,,,,,,
6003,307,,2026-04-08 22:20:40.482141+00:00,,,,,,,,,,
6000,308,,2026-04-08 22:20:41.009754+00:00,,,,,,,,,,
1003,309,,2026-04-08 22:20:59.704399+00:00,,,,,,,,,,
16394,310,,2026-04-08 22:21:06.675932+00:00,,,,,,,,,,
1003,311,,2026-04-08 22:21:07.941942+00:00,,,,,,,,,,
1003,312,,2026-04-08 22:21:08.004816+00:00,,,,,,,,,,
8198,313,,2026-04-08 22:21:08.025190+00:00,,,,,,,,,,
0,314,,2026-04-08 22:21:49.403509+00:00,,,,,,,,,,
1,315,,2026-04-08 22:21:51.250164+00:00,,,,,,,,,,
15,316,,2026-04-08 22:21:53.329678+00:00,,,,,,,,,,
15,317,,2026-04-08 22:21:55.403486+00:00,,,,,,,,,,
16384,318,,2026-04-08 22:21:59.278028+00:00,,,,,,,,,,
256,319,,2026-04-08 22:22:23.604498+00:00,,,,,,,,,,
2562,320,,2026-04-08 22:22:50.801008+00:00,,,,,,,,,,
4097,321,,2026-04-08 22:27:10.719461+00:00,,,,,,,,,,
1040,322,,2026-04-08 22:27:13.977547+00:00,,,,,,,,,,
4096,323,,2026-04-08 22:27:15.473999+00:00,,,,,,,,,,
4096,324,,2026-04-08 22:27:19.965729+00:00,,,,,,,,,,
11707,325,,2026-04-08 22:27:25.843025+00:00,,,,,,,,,,
1033,326,,2026-04-08 22:27:25.845228+00:00,,,,,,,,,,
1042,327,,2026-04-08 22:27:25.855244+00:00,,,,,,,,,,
16394,328,,2026-04-08 22:28:18.135490+00:00,,,,,,,,,,
16384,329,,2026-04-08 22:28:54.868572+00:00,,,,,,,,,,
16394,330,,2026-04-08 22:29:58.977825+00:00,,,,,,,,,,
16384,331,,2026-04-08 22:30:32.472517+00:00,,,,,,,,,,
15,332,,2026-04-08 22:33:06.684805+00:00,,,,,,,,,,
16394,333,,2026-04-08 22:34:19.531570+00:00,,,,,,,,,,
16384,334,,2026-04-08 22:34:51.186670+00:00,,,,,,,,,,
16394,335,,2026-04-08 22:35:47.672928+00:00,,,,,,,,,,
16384,336,,2026-04-08 22:36:22.601448+00:00,,,,,,,,,,
1001,337,,2026-04-08 22:40:11.723116+00:00,,,RADAR_PRE_LEAK_64,,,,,,,
2562,338,,2026-04-08 22:42:53.092146+00:00,,,,,,,,,,
2562,339,,2026-04-08 22:43:22.086023+00:00,,,,,,,,,,
2562,340,,2026-04-08 22:43:24.229183+00:00,,,,,,,,,,
2562,341,,2026-04-08 22:43:24.229574+00:00,,,,,,,,,,
2562,342,,2026-04-08 22:44:28.545988+00:00,,,,,,,,,,
16394,343,,2026-04-08 22:45:26.965139+00:00,,,,,,,,,,
16384,344,,2026-04-08 22:45:57.426001+00:00,,,,,,,,,,
2562,345,,2026-04-08 22:50:01.671463+00:00,,,,,,,,,,
2562,346,,2026-04-08 22:51:44.841618+00:00,,,,,,,,,,
2562,347,,2026-04-08 22:51:44.841986+00:00,,,,,,,,,,
1001,348,,2026-04-08 23:00:00.614998+00:00,,,RADAR_PRE_LEAK_64,,,,,,,
16394,349,,2026-04-08 23:17:00.229647+00:00,,,,,,,,,,
1034,350,,2026-04-08 23:17:00.797728+00:00,,,,,,,,,,
1034,351,,2026-04-08 23:17:00.805346+00:00,,,,,,,,,,
16384,352,,2026-04-08 23:17:30.908672+00:00,,,,,,,,,,
15,353,,2026-04-08 23:18:55.328468+00:00,,,,,,,,,,
102,354,,2026-04-08 23:20:15.942944+00:00,,,,,,,,,,
105,355,,2026-04-08 23:20:15.987324+00:00,,,,,,,,,,
325,356,,2026-04-08 23:20:16.046522+00:00,,,,,,,,,,
15,357,,2026-04-08 23:20:42.627436+00:00,,,,,,,,,,
1531,358,,2026-04-09 00:00:19.757616+00:00,,,,,,,,,,
5615,359,,2026-04-09 00:00:25.935530+00:00,,,,,,,,,,
5611,360,,2026-04-09 00:00:31.478193+00:00,,,,,,,,,,
5617,361,,2026-04-09 00:00:32.628258+00:00,,,,,,,,,,
900,362,,2026-04-09 00:00:38.333408+00:00,,,,,,,,,,
16394,363,,2026-04-09 00:00:38.377995+00:00,,,,,,,,,,
1066,364,,2026-04-09 00:00:38.454300+00:00,,,,,,,,,,
1003,365,,2026-04-09 00:00:38.496733+00:00,,,,,,,,,,
902,366,,2026-04-09 00:00:38.554775+00:00,,,,,,,,,,
1003,367,,2026-04-09 00:00:39.862061+00:00,,,,,,,,,,
8198,368,,2026-04-09 00:00:39.877075+00:00,,,,,,,,,,
86,369,Not found (404). 0x80190194 (-2145844844 HTTP_E_STATUS_NOT_FOUND),2026-04-09 00:00:45.325607+00:00,,,,,,https://VMW-KeyId-4ee141457063b21f90e0af375a94b4f3b20f36e6.microsoftaik.azure.net/templates/Aik/scep,,,,"GetCACaps
GetCACaps: Not Found
{""Message"":""The authority \""vmw-keyid-4ee141457063b21f90e0af375a94b4f3b20f36e6.microsoftaik.azure.net\"" does not exist.""}
HTTP/1.1 404 Not Found
Date: Thu, 09 Apr 2026 00:01:17 GMT
Content-Length: 121
Content-Type: application/json; charset=utf-8
X-Content-Type-Options: nosniff
Strict-Transport-Security: max-age=31536000;includeSubDomains
x-ms-request-id: 884312d1-ae23-4f83-8789-40f98b2e94e5
"
86,370,Not found (404). 0x80190194 (-2145844844 HTTP_E_STATUS_NOT_FOUND),2026-04-09 00:00:45.588932+00:00,,,,,,https://VMW-KeyId-4ee141457063b21f90e0af375a94b4f3b20f36e6.microsoftaik.azure.net/templates/Aik/scep,,,,"GetCACaps
GetCACaps: Not Found
{""Message"":""The authority \""vmw-keyid-4ee141457063b21f90e0af375a94b4f3b20f36e6.microsoftaik.azure.net\"" does not exist.""}
HTTP/1.1 404 Not Found
Date: Thu, 09 Apr 2026 00:01:17 GMT
Content-Length: 121
Content-Type: application/json; charset=utf-8
X-Content-Type-Options: nosniff
Strict-Transport-Security: max-age=31536000;includeSubDomains
x-ms-request-id: 84f17c13-f2d6-4eb2-aa6c-eb1a86d04e8f
"
6003,371,,2026-04-09 00:00:48.270899+00:00,,,,,,,,,,
6000,372,,2026-04-09 00:00:48.738939+00:00,,,,,,,,,,
1003,373,,2026-04-09 00:01:09.342665+00:00,,,,,,,,,,
1003,374,,2026-04-09 00:01:09.642723+00:00,,,,,,,,,,
8198,375,,2026-04-09 00:01:09.694542+00:00,,,,,,,,,,
16384,376,,2026-04-09 00:01:39.845819+00:00,,,,,,,,,,
903,377,,2026-04-09 00:01:40.910597+00:00,,,,,,,,,,
256,378,,2026-04-09 00:01:52.399483+00:00,,,,,,,,,,
1003,379,,2026-04-09 00:02:13.780819+00:00,,,,,,,,,,
0,380,,2026-04-09 00:03:14.323883+00:00,,,,,,,,,,
900,381,,2026-04-09 00:03:35.572664+00:00,,,,,,,,,,
16394,382,,2026-04-09 00:03:35.686926+00:00,,,,,,,,,,
1,383,,2026-04-09 00:03:41.083397+00:00,,,,,,,,,,
15,384,,2026-04-09 00:03:43.116917+00:00,,,,,,,,,,
16384,385,,2026-04-09 00:04:15.434105+00:00,,,,,,,,,,
15,386,,2026-04-09 00:11:03.347055+00:00,,,,,,,,,,
