ProcessId,Timestamp,RecordNumber,ProcessName,EventID,Url,PackageFullName,Reason
,2026-04-01 19:16:19.893442+00:00,1,,6011,,,
,2026-04-01 19:16:19.893585+00:00,2,,6009,,,
,2026-04-01 19:16:19.893616+00:00,3,,6005,,,
,2026-04-01 19:15:47.560154+00:00,4,,12,,,
,2026-04-01 19:15:47.560156+00:00,5,,25,,,
,2026-04-01 19:15:47.560318+00:00,6,,153,,,
,2026-04-01 19:15:47.560665+00:00,7,,20,,,
,2026-04-01 19:15:47.560667+00:00,8,,247,,,
,2026-04-01 19:15:47.560669+00:00,9,,238,,,
,2026-04-01 19:15:47.560669+00:00,10,,25,,,
,2026-04-01 19:15:47.560671+00:00,11,,27,,,
,2026-04-01 19:15:47.560732+00:00,12,,18,,,
,2026-04-01 19:15:47.560745+00:00,13,,32,,,
,2026-04-01 19:15:47.565620+00:00,14,,20,,,
,2026-04-01 19:15:47.597548+00:00,15,,16,,,
,2026-04-01 19:15:51.646498+00:00,16,,6,,,
,2026-04-01 19:15:51.647047+00:00,17,,6,,,
,2026-04-01 19:15:51.647890+00:00,18,,6,,,
,2026-04-01 19:15:51.875080+00:00,19,,98,,,
,2026-04-01 19:15:51.922230+00:00,20,,6,,,
,2026-04-01 19:15:52.083143+00:00,21,,6,,,
,2026-04-01 19:15:52.202080+00:00,22,,55,,,
,2026-04-01 19:15:52.323450+00:00,23,,172,,,6.0
,2026-04-01 19:15:52.329630+00:00,24,,16,,,
,2026-04-01 19:15:52.330120+00:00,25,,16,,,
,2026-04-01 19:15:52.330137+00:00,26,,16,,,
,2026-04-01 19:15:53.211437+00:00,27,,16,,,
,2026-04-01 19:15:53.215034+00:00,28,,16,,,
,2026-04-01 19:15:53.216507+00:00,29,,16,,,
,2026-04-01 19:15:53.251270+00:00,30,,16,,,
,2026-04-01 19:15:53.277632+00:00,31,,24,,,
,2026-04-01 19:15:53.307299+00:00,32,,16,,,
,2026-04-01 19:15:53.487734+00:00,33,,16,,,
,2026-04-01 19:15:57.507149+00:00,34,,16,,,
,2026-04-01 19:15:57.744967+00:00,35,,19,,,
,2026-04-01 19:15:57.744984+00:00,36,,25,,,
,2026-04-01 19:15:57.745586+00:00,37,,23,,,
,2026-04-01 19:15:57.875971+00:00,38,,14,,,
,2026-04-01 19:15:57.884758+00:00,39,,12,,,
,2026-04-01 19:15:57.946388+00:00,40,,6156,,,
,2026-04-01 19:15:58.181870+00:00,41,,16962,,,
,2026-04-01 19:15:58.195696+00:00,42,,16977,,,
,2026-04-01 19:15:58.195698+00:00,43,,16983,,,
,2026-04-01 19:16:16.668665+00:00,44,,98,,,
,2026-04-01 19:16:17.956383+00:00,45,,16,,,
,2026-04-01 19:16:18.105171+00:00,46,,2005,,,
,2026-04-01 19:16:18.552238+00:00,47,,16,,,
,2026-04-01 19:16:18.772192+00:00,48,,16977,,,
,2026-04-01 19:16:19.226418+00:00,49,,16,,,
,2026-04-01 19:16:19.456142+00:00,50,,6,,,
,2026-04-01 19:16:19.532640+00:00,51,,7023,,,
,2026-04-01 19:16:19.595905+00:00,52,,6,,,
,2026-04-01 19:16:19.611246+00:00,53,,6,,,
,2026-04-01 19:16:19.624056+00:00,54,,6,,,
,2026-04-01 19:16:19.640377+00:00,55,,6,,,
,2026-04-01 19:16:19.640383+00:00,56,,1,,,
,2026-04-01 19:16:19.640455+00:00,57,,6,,,
,2026-04-01 19:16:19.647207+00:00,58,,6,,,
,2026-04-01 19:16:19.656233+00:00,59,,6,,,
,2026-04-01 19:16:19.661772+00:00,60,,6,,,
,2026-04-01 19:16:19.672192+00:00,61,,6,,,
,2026-04-01 19:16:20.834202+00:00,62,,50036,,,
,2026-04-01 19:16:20.834414+00:00,63,,50103,,,
,2026-04-01 19:16:20.834700+00:00,64,,50036,,,
,2026-04-01 19:16:20.868479+00:00,65,,51046,,,
4.0,2026-04-01 19:16:21.473598+00:00,66,,112,http://*:5357/,,
4.0,2026-04-01 19:16:21.473606+00:00,67,,112,http://+:80/Temporary_Listen_Addresses/,,
4.0,2026-04-01 19:16:21.473610+00:00,68,,112,https://*:5358/,,
4.0,2026-04-01 19:16:21.473616+00:00,69,,112,http://*:2869/,,
4.0,2026-04-01 19:16:21.473619+00:00,70,,112,https://+:5986/wsman/,,
4.0,2026-04-01 19:16:21.473627+00:00,71,,112,http://+:47001/wsman/,,
4.0,2026-04-01 19:16:21.473629+00:00,72,,112,http://+:5985/wsman/,,
4.0,2026-04-01 19:16:21.473635+00:00,73,,112,https://+:3392/rdp/,,
4.0,2026-04-01 19:16:21.473640+00:00,74,,112,https://+:443/sra_{BA195980-CD49-458b-9E23-C84EE0ADCD75}/,,
4.0,2026-04-01 19:16:21.473646+00:00,75,,112,http://+:10247/apps/,,
4.0,2026-04-01 19:16:21.473650+00:00,76,,112,https://+:10245/WMPNSSv4/,,
4.0,2026-04-01 19:16:21.473656+00:00,77,,112,http://+:10243/WMPNSSv4/,,
4.0,2026-04-01 19:16:21.473660+00:00,78,,112,http://+:10246/MDEServer/,,
,2026-04-01 19:16:23.920040+00:00,79,,7045,,,
,2026-04-01 19:16:38.722795+00:00,80,,3261,,,
,2026-04-01 19:16:38.547037+00:00,81,,7026,,,
,2026-04-01 19:16:38.554214+00:00,82,,18,,,
,2026-04-01 19:16:38.776766+00:00,83,,7045,,,
,2026-04-01 19:16:38.946890+00:00,84,,7045,,,
,2026-04-01 19:16:39.314856+00:00,85,,32,,,
,2026-04-01 19:16:40.494482+00:00,86,,16,,,
,2026-04-01 19:16:40.719103+00:00,87,,16,,,
,2026-04-01 19:16:41.002285+00:00,88,,16,,,
,2026-04-01 19:16:41.176296+00:00,89,,16,,,
,2026-04-01 19:16:41.468649+00:00,90,,16,,,
,2026-04-01 19:16:41.739332+00:00,91,,16,,,
,2026-04-01 19:16:41.948593+00:00,92,,16,,,
,2026-04-01 19:16:42.166075+00:00,93,,16,,,
,2026-04-01 19:16:42.345383+00:00,94,,16,,,
,2026-04-01 19:16:42.534527+00:00,95,,16,,,
,2026-04-01 19:16:42.819132+00:00,96,,16,,,
,2026-04-01 19:16:43.219250+00:00,97,,16,,,
,2026-04-01 19:16:43.413593+00:00,98,,16,,,
,2026-04-01 19:16:43.601353+00:00,99,,16,,,
,2026-04-01 19:16:43.766432+00:00,100,,16,,,
,2026-04-01 19:16:43.974642+00:00,101,,16,,,
,2026-04-01 19:16:44.184744+00:00,102,,16,,,
,2026-04-01 19:16:44.456800+00:00,103,,16,,,
,2026-04-01 19:16:44.660263+00:00,104,,16,,,
,2026-04-01 19:16:44.900818+00:00,105,,16,,,
,2026-04-01 19:16:45.106087+00:00,106,,16,,,
,2026-04-01 19:16:45.303333+00:00,107,,16,,,
,2026-04-01 19:16:45.516481+00:00,108,,16,,,
,2026-04-01 19:16:45.746391+00:00,109,,16,,,
,2026-04-01 19:16:45.947151+00:00,110,,16,,,
,2026-04-01 19:16:46.200411+00:00,111,,16,,,
,2026-04-01 19:16:46.489244+00:00,112,,16,,,
,2026-04-01 19:16:46.710522+00:00,113,,16,,,
,2026-04-01 19:16:47.069014+00:00,114,,16,,,
,2026-04-01 19:16:47.469587+00:00,115,,16,,,
,2026-04-01 19:16:47.788637+00:00,116,,16,,,
,2026-04-01 19:16:48.017834+00:00,117,,16,,,
,2026-04-01 19:16:48.321638+00:00,118,,16,,,
,2026-04-01 19:16:48.536999+00:00,119,,16,,,
,2026-04-01 19:16:48.746675+00:00,120,,16,,,
,2026-04-01 19:16:48.988483+00:00,121,,16,,,
,2026-04-01 19:16:49.728710+00:00,122,,16,,,
,2026-04-01 19:16:50.246149+00:00,123,,16,,,
,2026-04-01 19:16:50.637524+00:00,124,,16,,,
,2026-04-01 19:16:50.963001+00:00,125,,16,,,
,2026-04-01 19:16:51.292759+00:00,126,,16,,,
,2026-04-01 19:16:51.540026+00:00,127,,16,,,
,2026-04-01 19:16:51.956379+00:00,128,,16,,,
,2026-04-01 19:16:52.201572+00:00,129,,16,,,
,2026-04-01 19:16:52.392912+00:00,130,,16,,,
,2026-04-01 19:16:58.891340+00:00,131,,16,,,
,2026-04-01 19:16:59.584469+00:00,132,,16,,,
,2026-04-01 19:17:00.391909+00:00,133,,16,,,
,2026-04-01 19:17:01.682381+00:00,134,,16,,,
,2026-04-01 19:17:03.480728+00:00,135,,16,,,
,2026-04-01 19:17:03.858168+00:00,136,,16,,,
,2026-04-01 19:17:04.594267+00:00,137,,16,,,
,2026-04-01 19:17:05.067051+00:00,138,,16,,,
,2026-04-01 19:17:05.771778+00:00,139,,16,,,
,2026-04-01 19:17:06.445200+00:00,140,,16,,,
,2026-04-01 19:17:07.240042+00:00,141,,16,,,
,2026-04-01 19:17:09.211849+00:00,142,,16,,,
,2026-04-01 19:17:09.817568+00:00,143,,16,,,
,2026-04-01 19:17:11.679472+00:00,144,,16,,,
,2026-04-01 19:17:13.456617+00:00,145,,16,,,
,2026-04-01 19:17:14.064745+00:00,146,,16,,,
,2026-04-01 19:17:15.137711+00:00,147,,16,,,
,2026-04-01 19:17:15.682943+00:00,148,,16,,,
,2026-04-01 19:17:16.545321+00:00,149,,519,,,
,2026-04-01 19:17:16.627609+00:00,150,,1027,,,
,2026-04-01 19:17:16.830172+00:00,151,,1282,,,
,2026-04-01 19:17:16.850864+00:00,152,,7045,,,
,2026-04-01 19:17:18.903513+00:00,153,,16,,,
,2026-04-01 19:17:19.637194+00:00,154,,16,,,
,2026-04-01 19:17:20.431349+00:00,155,,16,,,
,2026-04-01 19:17:21.286905+00:00,156,,16,,,
,2026-04-01 19:17:22.356594+00:00,157,,16,,,
,2026-04-01 19:17:23.973480+00:00,158,,16,,,
,2026-04-01 19:17:24.727262+00:00,159,,16,,,
,2026-04-01 19:17:25.930506+00:00,160,,16,,,
,2026-04-01 19:17:26.667290+00:00,161,,16,,,
,2026-04-01 19:17:27.005383+00:00,162,,16,,,
,2026-04-01 19:17:27.660505+00:00,163,,16,,,
,2026-04-01 19:17:28.205000+00:00,164,,16,,,
,2026-04-01 19:17:28.638493+00:00,165,,16,,,
,2026-04-01 19:17:29.369650+00:00,166,,16,,,
,2026-04-01 19:17:30.306360+00:00,167,,16,,,
,2026-04-01 19:17:30.679228+00:00,168,,16,,,
,2026-04-01 19:17:42.309650+00:00,169,,16,,,
,2026-04-01 19:17:42.929005+00:00,170,,16,,,
,2026-04-01 19:17:44.912596+00:00,171,,16,,,
,2026-04-01 19:17:47.667915+00:00,172,,7040,,,
,2026-04-01 19:17:48.838648+00:00,173,,22,,,
,2026-04-01 19:17:52.544783+00:00,174,,2004,,,
,2026-04-01 19:17:53.521332+00:00,175,,1074,,,
,2026-04-01 19:17:54.157825+00:00,176,,1025,,,
,2026-04-01 19:17:57.928415+00:00,177,,6006,,,
,2026-04-01 19:17:57.880001+00:00,178,,50104,,,
,2026-04-01 19:17:57.882551+00:00,179,,50105,,,
,2026-04-01 19:17:57.890381+00:00,180,,50106,,,
,2026-04-01 19:17:57.900585+00:00,181,,51047,,,
,2026-04-01 19:18:19.120934+00:00,182,,6011,,,
,2026-04-01 19:18:19.121267+00:00,183,,6009,,,
,2026-04-01 19:18:19.121307+00:00,184,,6005,,,
,2026-04-01 19:18:19.121628+00:00,185,,6013,,,
,2026-04-01 19:17:58.018126+00:00,186,,51057,,,
,2026-04-01 19:17:58.052977+00:00,187,,50037,,,
,2026-04-01 19:17:58.782501+00:00,188,,109,,,
,2026-04-01 19:17:58.923437+00:00,189,,577,,,
,2026-04-01 19:17:58.963776+00:00,190,,13,,,
,2026-04-01 19:18:04.634752+00:00,191,,12,,,
,2026-04-01 19:18:04.634752+00:00,192,,25,,,
,2026-04-01 19:18:04.634920+00:00,193,,153,,,
,2026-04-01 19:18:04.635151+00:00,194,,20,,,
,2026-04-01 19:18:04.635153+00:00,195,,247,,,
,2026-04-01 19:18:04.635283+00:00,196,,238,,,
,2026-04-01 19:18:04.635283+00:00,197,,25,,,
,2026-04-01 19:18:04.635283+00:00,198,,27,,,
,2026-04-01 19:18:04.635328+00:00,199,,26,,,
,2026-04-01 19:18:04.635344+00:00,200,,32,,,
,2026-04-01 19:18:04.637646+00:00,201,,20,,,
,2026-04-01 19:18:04.668352+00:00,202,,16,,,
,2026-04-01 19:18:08.362726+00:00,203,,6,,,
,2026-04-01 19:18:08.363342+00:00,204,,6,,,
,2026-04-01 19:18:08.364321+00:00,205,,6,,,
,2026-04-01 19:18:08.433176+00:00,206,,98,,,
,2026-04-01 19:18:08.493847+00:00,207,,6,,,
,2026-04-01 19:18:08.593288+00:00,208,,6,,,
,2026-04-01 19:18:08.630760+00:00,209,,172,,,6.0
,2026-04-01 19:18:08.891376+00:00,210,,55,,,
,2026-04-01 19:18:09.156534+00:00,211,,32,,,
,2026-04-01 19:18:09.393728+00:00,212,,98,,,
,2026-04-01 19:18:09.426373+00:00,213,,24,,,
,2026-04-01 19:18:09.736631+00:00,214,,19,,,
,2026-04-01 19:18:09.736650+00:00,215,,25,,,
,2026-04-01 19:18:09.737160+00:00,216,,23,,,
,2026-04-01 19:18:09.849274+00:00,217,,14,,,
,2026-04-01 19:18:09.852308+00:00,218,,12,,,
,2026-04-01 19:18:09.920469+00:00,219,,6156,,,
,2026-04-01 19:18:10.130413+00:00,220,,16962,,,
,2026-04-01 19:18:10.141874+00:00,221,,16977,,,
,2026-04-01 19:18:10.141878+00:00,222,,16983,,,
,2026-04-01 19:18:18.429234+00:00,223,,134,,,
,2026-04-01 19:18:18.631109+00:00,224,,6,,,
,2026-04-01 19:18:18.654648+00:00,225,,6,,,
,2026-04-01 19:18:18.657045+00:00,226,,6,,,
,2026-04-01 19:18:18.678436+00:00,227,,50036,,,
,2026-04-01 19:18:18.678762+00:00,228,,50103,,,
,2026-04-01 19:18:18.685818+00:00,229,,50036,,,
,2026-04-01 19:18:18.691904+00:00,230,,6,,,
,2026-04-01 19:18:18.691910+00:00,231,,1,,,
,2026-04-01 19:18:18.691984+00:00,232,,6,,,
,2026-04-01 19:18:18.697968+00:00,233,,6,,,
,2026-04-01 19:18:18.711828+00:00,234,,6,,,
,2026-04-01 19:18:18.727570+00:00,235,,6,,,
,2026-04-01 19:18:18.732744+00:00,236,,6,,,
,2026-04-01 19:18:18.755314+00:00,237,,51046,,,
,2026-04-01 19:18:19.036242+00:00,238,,6,,,
4.0,2026-04-01 19:18:19.747330+00:00,239,,112,http://*:5357/,,
4.0,2026-04-01 19:18:19.747337+00:00,240,,112,http://+:80/Temporary_Listen_Addresses/,,
4.0,2026-04-01 19:18:19.747341+00:00,241,,112,https://*:5358/,,
4.0,2026-04-01 19:18:19.747347+00:00,242,,112,http://*:2869/,,
4.0,2026-04-01 19:18:19.747351+00:00,243,,112,https://+:5986/wsman/,,
4.0,2026-04-01 19:18:19.747356+00:00,244,,112,http://+:47001/wsman/,,
4.0,2026-04-01 19:18:19.747360+00:00,245,,112,http://+:5985/wsman/,,
4.0,2026-04-01 19:18:19.747366+00:00,246,,112,https://+:3392/rdp/,,
4.0,2026-04-01 19:18:19.747372+00:00,247,,112,https://+:443/sra_{BA195980-CD49-458b-9E23-C84EE0ADCD75}/,,
4.0,2026-04-01 19:18:19.747377+00:00,248,,112,http://+:10247/apps/,,
4.0,2026-04-01 19:18:19.747381+00:00,249,,112,https://+:10245/WMPNSSv4/,,
4.0,2026-04-01 19:18:19.747385+00:00,250,,112,http://+:10243/WMPNSSv4/,,
4.0,2026-04-01 19:18:19.747389+00:00,251,,112,http://+:10246/MDEServer/,,
,2026-04-01 19:18:19.942114+00:00,252,,134,,,
,2026-04-01 19:18:20.450785+00:00,253,,7026,,,
,2026-04-01 19:18:20.452509+00:00,254,,18,,,
,2026-04-01 19:18:22.811069+00:00,255,,137,,,
,2026-04-01 19:18:23.098160+00:00,256,,37,,,
,2026-04-01 19:18:23.130602+00:00,257,,24,,,
,2026-04-01 19:18:23.130705+00:00,258,\Device\HarddiskVolume3\Windows\System32\oobe\msoobe.exe,1,,,3.0
,2026-04-01 16:17:45.135061+00:00,259,,24,,,
,2026-04-01 16:17:45.135176+00:00,260,\Device\HarddiskVolume3\Windows\System32\svchost.exe,1,,,1.0
,2026-04-01 16:17:45.136377+00:00,261,,35,,,
,2026-04-01 16:17:45.136837+00:00,262,,24,,,
,2026-04-01 16:17:45.138052+00:00,263,\Device\HarddiskVolume3\Windows\System32\svchost.exe,1,,,1.0
,2026-04-01 16:17:45.210051+00:00,264,,24,,,
,2026-04-01 16:17:45.210302+00:00,265,\Device\HarddiskVolume3\Windows\System32\svchost.exe,1,,,1.0
,2026-04-01 16:17:46.919863+00:00,266,,3,,,
,2026-04-01 16:17:48.196573+00:00,267,,15,,,
,2026-04-01 16:17:51.115767+00:00,268,,1282,,,
,2026-04-01 16:17:51.788244+00:00,269,,1025,,,
,2026-04-01 16:17:53.884270+00:00,270,,4,,,
,2026-04-01 16:17:53.891588+00:00,271,,16,,,
,2026-04-01 16:17:55.142153+00:00,272,,7040,,,
,2026-04-01 16:17:55.195967+00:00,273,,1500,,,
,2026-04-01 16:17:55.655647+00:00,274,,7001,,,
,2026-04-01 16:17:55.681190+00:00,275,,16,,,
,2026-04-01 16:17:55.684858+00:00,276,,16,,,
,2026-04-01 16:17:56.182720+00:00,277,,1501,,,
,2026-04-01 16:17:59.838320+00:00,278,,11,,,
,2026-04-01 16:18:02.023933+00:00,279,,16,,,
,2026-04-01 16:18:02.250965+00:00,280,,1041,,,
,2026-04-01 16:18:02.251026+00:00,281,,1038,,,
,2026-04-01 16:18:03.315151+00:00,282,,16,,,
,2026-04-01 16:18:04.445242+00:00,283,,16,,,
,2026-04-01 16:18:05.136301+00:00,284,,16,,,
,2026-04-01 16:18:10.252092+00:00,285,,16,,,
,2026-04-01 16:18:17.458391+00:00,286,,16,,,
,2026-04-01 16:18:34.606611+00:00,287,,16,,,
,2026-04-01 16:18:34.732594+00:00,288,,24,,,
,2026-04-01 16:18:34.732655+00:00,289,\Device\HarddiskVolume3\Windows\System32\CloudExperienceHostBroker.exe,1,,,3.0
,2026-04-01 16:18:51.902435+00:00,290,,7040,,,
,2026-04-01 16:19:46.159172+00:00,291,,7045,,,
,2026-04-01 16:19:46.159172+00:00,292,,7030,,,
,2026-04-01 16:20:32.196751+00:00,293,,44,,,
,2026-04-01 16:20:32.196753+00:00,294,,44,,,
,2026-04-01 16:20:32.196753+00:00,295,,44,,,
,2026-04-01 16:20:44.290569+00:00,296,,15,,,
,2026-04-01 16:21:39.861605+00:00,297,,43,,,
,2026-04-01 16:21:40.885138+00:00,298,,7040,,,
,2026-04-01 16:21:42.610315+00:00,299,,7040,,,
,2026-04-01 16:21:54.105335+00:00,300,,7040,,,
,2026-04-01 16:21:56.313662+00:00,301,,7040,,,
,2026-04-01 16:22:08.947105+00:00,302,,7040,,,
,2026-04-01 16:22:09.903316+00:00,303,,19,,,
,2026-04-01 16:22:56.077568+00:00,304,,44,,,
,2026-04-01 16:22:56.077568+00:00,305,,44,,,
,2026-04-01 16:22:56.181551+00:00,306,,43,,,
,2026-04-01 16:22:56.468332+00:00,307,,7045,,,
,2026-04-01 16:22:56.514790+00:00,308,,3,,,
,2026-04-01 16:22:56.650620+00:00,309,,19,,,
,2026-04-01 16:23:04.552050+00:00,310,,43,,,
,2026-04-01 16:23:05.265388+00:00,311,,19,,,
,2026-04-01 16:23:46.312326+00:00,312,,16,,,
,2026-04-01 16:23:49.364632+00:00,313,,16,,,
,2026-04-01 16:23:53.339529+00:00,314,,16,,,
,2026-04-01 16:23:53.985275+00:00,315,,43,,,
,2026-04-01 16:23:54.026129+00:00,316,,19,,,
,2026-04-01 16:23:54.038601+00:00,317,,43,,,
,2026-04-01 16:23:54.120628+00:00,318,,19,,,
,2026-04-01 16:28:10.513674+00:00,319,,16,,,
,2026-04-01 16:31:25.570074+00:00,320,,15,,,
,2026-04-01 16:31:28.931334+00:00,321,,6011,,,
,2026-04-01 16:31:29.360415+00:00,322,,1074,,,
,2026-04-01 16:31:34.972519+00:00,323,,6006,,,
,2026-04-01 16:31:34.370264+00:00,324,,7002,,,
,2026-04-01 16:31:34.850233+00:00,325,,50104,,,
,2026-04-01 16:31:34.853855+00:00,326,,50105,,,
,2026-04-01 16:31:34.860254+00:00,327,,50106,,,
,2026-04-01 16:31:34.865486+00:00,328,,51047,,,
,2026-04-01 16:31:34.865488+00:00,329,,51057,,,
,2026-04-01 16:31:34.872654+00:00,330,,50037,,,
,2026-04-01 16:31:54.379696+00:00,331,,6009,,,
,2026-04-01 16:31:54.413492+00:00,332,,6005,,,
,2026-04-01 16:31:54.413807+00:00,333,,6013,,,
,2026-04-01 16:31:39.795916+00:00,334,,109,,,
,2026-04-01 16:31:40.136400+00:00,335,,577,,,
,2026-04-01 16:31:40.225584+00:00,336,,13,,,
,2026-04-01 16:31:45.746965+00:00,337,,12,,,
,2026-04-01 16:31:45.746965+00:00,338,,25,,,
,2026-04-01 16:31:45.747084+00:00,339,,153,,,
,2026-04-01 16:31:45.747393+00:00,340,,20,,,
,2026-04-01 16:31:45.747395+00:00,341,,247,,,
,2026-04-01 16:31:45.747540+00:00,342,,238,,,
,2026-04-01 16:31:45.747540+00:00,343,,25,,,
,2026-04-01 16:31:45.747540+00:00,344,,27,,,
,2026-04-01 16:31:45.747545+00:00,345,,18,,,
,2026-04-01 16:31:45.747561+00:00,346,,32,,,
,2026-04-01 16:31:45.749952+00:00,347,,20,,,
,2026-04-01 16:31:45.775335+00:00,348,,16,,,
,2026-04-01 16:31:47.411680+00:00,349,,3,,,
,2026-04-01 16:31:49.432299+00:00,350,,6,,,
,2026-04-01 16:31:49.432936+00:00,351,,6,,,
,2026-04-01 16:31:49.433754+00:00,352,,6,,,
,2026-04-01 16:31:49.517229+00:00,353,,98,,,
,2026-04-01 16:31:49.577415+00:00,354,,6,,,
,2026-04-01 16:31:49.697519+00:00,355,,6,,,
,2026-04-01 16:31:49.728268+00:00,356,,172,,,6.0
,2026-04-01 16:31:49.753681+00:00,357,,16,,,
,2026-04-01 16:31:49.762810+00:00,358,,16,,,
,2026-04-01 16:31:49.777128+00:00,359,,16,,,
,2026-04-01 16:31:49.994442+00:00,360,,55,,,
,2026-04-01 16:31:50.260996+00:00,361,,32,,,
,2026-04-01 16:31:50.681948+00:00,362,,16,,,
,2026-04-01 16:31:50.685530+00:00,363,,16,,,
,2026-04-01 16:31:50.690338+00:00,364,,98,,,
,2026-04-01 16:31:50.695017+00:00,365,,16,,,
,2026-04-01 16:31:50.696646+00:00,366,,16,,,
,2026-04-01 16:31:51.500418+00:00,367,,15,,,
,2026-04-01 16:31:51.519491+00:00,368,,16,,,
,2026-04-01 16:31:51.645596+00:00,369,,24,,,
,2026-04-01 16:31:52.119024+00:00,370,,19,,,
,2026-04-01 16:31:52.119043+00:00,371,,25,,,
,2026-04-01 16:31:52.119610+00:00,372,,23,,,
,2026-04-01 16:31:52.244057+00:00,373,,14,,,
,2026-04-01 16:31:52.246416+00:00,374,,12,,,
,2026-04-01 16:31:52.321611+00:00,375,,6156,,,
,2026-04-01 16:31:52.549084+00:00,376,,16962,,,
,2026-04-01 16:31:52.560940+00:00,377,,16977,,,
,2026-04-01 16:31:52.560944+00:00,378,,16983,,,
,2026-04-01 16:31:52.868933+00:00,379,,16,,,
,2026-04-01 16:31:53.287287+00:00,380,,16,,,
,2026-04-01 16:31:53.315088+00:00,381,,16,,,
,2026-04-01 16:31:53.998566+00:00,382,,6,,,
,2026-04-01 16:31:54.033396+00:00,383,,6,,,
,2026-04-01 16:31:54.036175+00:00,384,,6,,,
,2026-04-01 16:31:54.149220+00:00,385,,6,,,
,2026-04-01 16:31:54.157099+00:00,386,,6,,,
,2026-04-01 16:31:54.157104+00:00,387,,1,,,
,2026-04-01 16:31:54.157173+00:00,388,,6,,,
,2026-04-01 16:31:54.165731+00:00,389,,6,,,
,2026-04-01 16:31:54.172194+00:00,390,,6,,,
,2026-04-01 16:31:54.194208+00:00,391,,6,,,
,2026-04-01 16:31:54.249723+00:00,392,,6,,,
,2026-04-01 16:31:55.001211+00:00,393,,50036,,,
,2026-04-01 16:31:55.001776+00:00,394,,50103,,,
,2026-04-01 16:31:55.005436+00:00,395,,50036,,,
,2026-04-01 16:31:55.037882+00:00,396,,51046,,,
,2026-04-01 16:31:55.427645+00:00,397,,7001,,,
4.0,2026-04-01 16:31:55.897152+00:00,398,,112,http://*:5357/,,
4.0,2026-04-01 16:31:55.897158+00:00,399,,112,http://+:80/Temporary_Listen_Addresses/,,
4.0,2026-04-01 16:31:55.897163+00:00,400,,112,https://*:5358/,,
4.0,2026-04-01 16:31:55.897167+00:00,401,,112,http://*:2869/,,
4.0,2026-04-01 16:31:55.897173+00:00,402,,112,https://+:5986/wsman/,,
4.0,2026-04-01 16:31:55.897182+00:00,403,,112,http://+:47001/wsman/,,
4.0,2026-04-01 16:31:55.897186+00:00,404,,112,http://+:5985/wsman/,,
4.0,2026-04-01 16:31:55.897190+00:00,405,,112,https://+:3392/rdp/,,
4.0,2026-04-01 16:31:55.897198+00:00,406,,112,https://+:443/sra_{BA195980-CD49-458b-9E23-C84EE0ADCD75}/,,
4.0,2026-04-01 16:31:55.897223+00:00,407,,112,http://+:10247/apps/,,
4.0,2026-04-01 16:31:55.897228+00:00,408,,112,https://+:10245/WMPNSSv4/,,
4.0,2026-04-01 16:31:55.897232+00:00,409,,112,http://+:10243/WMPNSSv4/,,
4.0,2026-04-01 16:31:55.897236+00:00,410,,112,http://+:10246/MDEServer/,,
,2026-04-01 16:31:58.666424+00:00,411,,7026,,,
,2026-04-01 16:31:58.668571+00:00,412,,18,,,
,2026-04-01 16:32:19.337339+00:00,413,,1282,,,
,2026-04-01 16:32:21.301315+00:00,414,,1025,,,
,2026-04-01 16:32:24.180843+00:00,415,,1041,,,
,2026-04-01 16:32:24.180914+00:00,416,,1038,,,
,2026-04-01 16:36:57.719767+00:00,417,,1801,,,
,2026-04-01 16:36:57.723721+00:00,418,,1796,,,
,2026-04-01 16:36:57.723780+00:00,419,,1796,,,
,2026-04-01 16:49:20.207304+00:00,420,,7040,,,
,2026-04-01 16:49:23.606167+00:00,421,,7040,,,
,2026-04-01 16:49:23.699169+00:00,422,,7040,,,
,2026-04-01 16:49:24.562645+00:00,423,,101,,MicrosoftWindows.Client.WebExperience_525.31002.150.9_x64__cw5n1h2txyewy,
,2026-04-01 16:49:24.562746+00:00,424,,101,,MicrosoftWindows.Client.WebExperience_525.31002.150.9_x64__cw5n1h2txyewy,
,2026-04-01 16:49:25.569931+00:00,425,,10010,,,
,2026-04-01 16:49:30.894333+00:00,426,,7002,,,
,2026-04-01 16:49:32.091734+00:00,427,,7001,,,
,2026-04-01 16:49:34.248707+00:00,428,,1501,,,
,2026-04-01 16:49:39.245567+00:00,429,,16,,,
,2026-04-01 16:49:41.071255+00:00,430,,7040,,,
,2026-04-01 16:49:49.962656+00:00,431,,16,,,
,2026-04-01 16:49:51.284857+00:00,432,,16,,,
,2026-04-01 16:49:51.723383+00:00,433,,16,,,
,2026-04-01 16:49:52.037157+00:00,434,,16,,,
,2026-04-01 16:49:55.149942+00:00,435,,16,,,
,2026-04-01 17:17:34.650454+00:00,436,,12,,,
,2026-04-01 17:17:34.650455+00:00,437,,25,,,
,2026-04-01 17:17:34.650578+00:00,438,,153,,,
,2026-04-01 17:17:34.650913+00:00,439,,20,,,
,2026-04-01 17:17:34.650921+00:00,440,,247,,,
,2026-04-01 17:17:34.651056+00:00,441,,238,,,
,2026-04-01 17:17:34.651056+00:00,442,,25,,,
,2026-04-01 17:17:34.651056+00:00,443,,27,,,
,2026-04-01 17:17:34.651062+00:00,444,,18,,,
,2026-04-01 17:17:34.651079+00:00,445,,32,,,
,2026-04-01 17:17:34.653543+00:00,446,,20,,,
,2026-04-01 17:17:34.690367+00:00,447,,16,,,
,2026-04-01 17:17:43.033661+00:00,448,,6008,,,
,2026-04-01 17:17:43.090727+00:00,449,,6009,,,
,2026-04-01 17:17:43.091053+00:00,450,,6005,,,
,2026-04-01 17:17:43.091644+00:00,451,,6013,,,
,2026-04-01 17:17:36.354130+00:00,452,,3,,,
,2026-04-01 17:17:38.369017+00:00,453,,6,,,
,2026-04-01 17:17:38.369730+00:00,454,,6,,,
,2026-04-01 17:17:38.370670+00:00,455,,6,,,
,2026-04-01 17:17:38.936409+00:00,456,,98,,,
,2026-04-01 17:17:39.043884+00:00,457,,6,,,
,2026-04-01 17:17:39.149109+00:00,458,,6,,,
,2026-04-01 17:17:39.178144+00:00,459,,41,,,
,2026-04-01 17:17:39.192188+00:00,460,,172,,,6.0
,2026-04-01 17:17:39.403511+00:00,461,,55,,,
,2026-04-01 17:17:39.681103+00:00,462,,32,,,
,2026-04-01 17:17:40.191269+00:00,463,,98,,,
,2026-04-01 17:17:40.282434+00:00,464,,24,,,
,2026-04-01 17:17:40.588276+00:00,465,,19,,,
,2026-04-01 17:17:40.588295+00:00,466,,25,,,
,2026-04-01 17:17:40.588879+00:00,467,,23,,,
,2026-04-01 17:17:40.717939+00:00,468,,14,,,
,2026-04-01 17:17:40.720018+00:00,469,,12,,,
,2026-04-01 17:17:40.791609+00:00,470,,6156,,,
,2026-04-01 17:17:40.994728+00:00,471,,16962,,,
,2026-04-01 17:17:41.006733+00:00,472,,16977,,,
,2026-04-01 17:17:41.006735+00:00,473,,16983,,,
,2026-04-01 17:17:42.225492+00:00,474,,6,,,
,2026-04-01 17:17:42.426247+00:00,475,,6,,,
,2026-04-01 17:17:42.452627+00:00,476,,6,,,
,2026-04-01 17:17:42.464659+00:00,477,,6,,,
,2026-04-01 17:17:42.491241+00:00,478,,6,,,
,2026-04-01 17:17:42.491247+00:00,479,,1,,,
,2026-04-01 17:17:42.491556+00:00,480,,6,,,
,2026-04-01 17:17:42.498066+00:00,481,,6,,,
,2026-04-01 17:17:42.581861+00:00,482,,6,,,
,2026-04-01 17:17:42.649258+00:00,483,,6,,,
,2026-04-01 17:17:42.664972+00:00,484,,6,,,
,2026-04-01 17:17:44.158909+00:00,485,,50036,,,
,2026-04-01 17:17:44.159544+00:00,486,,50103,,,
,2026-04-01 17:17:44.159630+00:00,487,,50036,,,
,2026-04-01 17:17:44.364109+00:00,488,,51046,,,
4.0,2026-04-01 17:17:45.890150+00:00,489,,112,http://*:5357/,,
4.0,2026-04-01 17:17:45.890158+00:00,490,,112,http://+:80/Temporary_Listen_Addresses/,,
4.0,2026-04-01 17:17:45.890173+00:00,491,,112,https://*:5358/,,
4.0,2026-04-01 17:17:45.890175+00:00,492,,112,http://*:2869/,,
4.0,2026-04-01 17:17:45.890182+00:00,493,,112,https://+:5986/wsman/,,
4.0,2026-04-01 17:17:45.890190+00:00,494,,112,http://+:47001/wsman/,,
4.0,2026-04-01 17:17:45.890194+00:00,495,,112,http://+:5985/wsman/,,
4.0,2026-04-01 17:17:45.890198+00:00,496,,112,https://+:3392/rdp/,,
4.0,2026-04-01 17:17:45.890203+00:00,497,,112,https://+:443/sra_{BA195980-CD49-458b-9E23-C84EE0ADCD75}/,,
4.0,2026-04-01 17:17:45.890211+00:00,498,,112,http://+:10247/apps/,,
4.0,2026-04-01 17:17:45.890215+00:00,499,,112,https://+:10245/WMPNSSv4/,,
4.0,2026-04-01 17:17:45.890219+00:00,500,,112,http://+:10243/WMPNSSv4/,,
4.0,2026-04-01 17:17:45.890223+00:00,501,,112,http://+:10246/MDEServer/,,
,2026-04-01 17:17:48.185780+00:00,502,,7026,,,
,2026-04-01 17:17:48.188131+00:00,503,,18,,,
,2026-04-01 17:17:51.015635+00:00,504,,7001,,,
,2026-04-01 17:17:59.012085+00:00,505,,16,,,
,2026-04-01 17:18:00.319967+00:00,506,,16,,,
,2026-04-01 17:18:08.526323+00:00,507,,10010,,,
,2026-04-01 17:18:45.932163+00:00,508,,1041,,,
,2026-04-01 17:18:45.932226+00:00,509,,1038,,,
,2026-04-01 17:18:58.077324+00:00,510,,1282,,,
,2026-04-01 17:19:14.291241+00:00,511,,7040,,,
,2026-04-01 17:19:16.117834+00:00,512,,1025,,,
,2026-04-01 17:20:01.612328+00:00,513,,7040,,,
,2026-04-01 17:20:16.270975+00:00,514,,10016,,,
,2026-04-01 17:20:16.270975+00:00,515,,10016,,,
,2026-04-01 17:20:16.273317+00:00,516,,10016,,,
,2026-04-01 17:20:16.757633+00:00,517,,7040,,,
,2026-04-01 17:20:26.179558+00:00,518,,16,,,
,2026-04-01 17:20:28.375563+00:00,519,,44,,,
,2026-04-01 17:20:30.888678+00:00,520,,7040,,,
,2026-04-01 17:21:09.799793+00:00,521,,16,,,
,2026-04-01 17:22:09.416048+00:00,522,,43,,,
,2026-04-01 17:22:24.660515+00:00,523,,19,,,
,2026-04-01 17:22:44.004755+00:00,524,,1801,,,
,2026-04-01 17:22:44.008730+00:00,525,,1796,,,
,2026-04-01 17:22:44.008778+00:00,526,,1796,,,
,2026-04-01 17:23:10.323868+00:00,527,,16,,,
,2026-04-01 17:23:40.716877+00:00,528,,16,,,
,2026-04-01 17:23:55.119383+00:00,529,,44,,,
,2026-04-01 17:23:55.119383+00:00,530,,44,,,
,2026-04-01 17:23:55.119385+00:00,531,,44,,,
,2026-04-01 17:23:55.119385+00:00,532,,44,,,
,2026-04-01 17:25:24.597933+00:00,533,,44,,,
,2026-04-01 17:25:24.597933+00:00,534,,44,,,
,2026-04-01 17:25:24.597935+00:00,535,,44,,,
,2026-04-01 17:25:24.597935+00:00,536,,44,,,
,2026-04-01 17:25:24.598104+00:00,537,,44,,,
,2026-04-01 17:25:24.598104+00:00,538,,44,,,
,2026-04-01 17:25:24.598104+00:00,539,,44,,,
,2026-04-01 17:25:28.592781+00:00,540,,44,,,
,2026-04-01 17:25:28.592781+00:00,541,,44,,,
,2026-04-01 17:25:28.592781+00:00,542,,44,,,
,2026-04-01 17:25:28.592781+00:00,543,,44,,,
,2026-04-01 17:25:35.932596+00:00,544,,44,,,
,2026-04-01 17:25:35.932598+00:00,545,,44,,,
,2026-04-01 17:25:35.932598+00:00,546,,44,,,
,2026-04-01 17:25:35.932598+00:00,547,,44,,,
,2026-04-01 17:25:46.648872+00:00,548,,16,,,
,2026-04-01 17:25:52.573051+00:00,549,,44,,,
,2026-04-01 17:25:52.573051+00:00,550,,44,,,
,2026-04-01 17:25:52.573051+00:00,551,,44,,,
,2026-04-01 17:25:53.682283+00:00,552,,16,,,
,2026-04-01 17:25:54.627562+00:00,553,,44,,,
,2026-04-01 17:25:54.627563+00:00,554,,44,,,
,2026-04-01 17:25:54.627563+00:00,555,,44,,,
,2026-04-01 17:26:21.764887+00:00,556,,16,,,
,2026-04-01 17:26:25.350702+00:00,557,,43,,,
,2026-04-01 17:26:26.039972+00:00,558,,16,,,
,2026-04-01 17:26:29.739365+00:00,559,,16,,,
,2026-04-01 17:26:33.581482+00:00,560,,20,,,
,2026-04-01 17:26:33.601290+00:00,561,,43,,,
,2026-04-01 17:26:33.873764+00:00,562,,16,,,
,2026-04-01 17:26:36.839029+00:00,563,,16,,,
,2026-04-01 17:26:37.308903+00:00,564,,19,,,
,2026-04-01 17:26:37.336992+00:00,565,,20,,,
,2026-04-01 17:26:37.394026+00:00,566,,43,,,
,2026-04-01 17:26:37.594440+00:00,567,,19,,,
,2026-04-01 17:26:37.761837+00:00,568,,43,,,
,2026-04-01 17:26:37.861750+00:00,569,,16,,,
,2026-04-01 17:26:39.094185+00:00,570,,19,,,
,2026-04-01 17:26:39.633551+00:00,571,,19,,,
,2026-04-01 17:26:39.660748+00:00,572,,43,,,
,2026-04-01 17:26:39.931782+00:00,573,,20,,,
,2026-04-01 17:26:40.261639+00:00,574,,43,,,
,2026-04-01 17:26:40.714006+00:00,575,,19,,,
,2026-04-01 17:26:40.727861+00:00,576,,43,,,
,2026-04-01 17:26:41.254923+00:00,577,,16,,,
,2026-04-01 17:26:42.672884+00:00,578,,19,,,
,2026-04-01 17:26:43.694786+00:00,579,,44,,,
,2026-04-01 17:26:43.694786+00:00,580,,44,,,
,2026-04-01 17:26:43.694786+00:00,581,,44,,,
,2026-04-01 17:26:43.694788+00:00,582,,44,,,
,2026-04-01 17:26:43.694788+00:00,583,,44,,,
,2026-04-01 17:26:45.083775+00:00,584,,44,,,
,2026-04-01 17:26:45.083775+00:00,585,,44,,,
,2026-04-01 17:26:45.083775+00:00,586,,44,,,
,2026-04-01 17:26:45.412991+00:00,587,,16,,,
,2026-04-01 17:26:45.650333+00:00,588,,44,,,
,2026-04-01 17:26:45.650333+00:00,589,,44,,,
,2026-04-01 17:26:45.650335+00:00,590,,44,,,
,2026-04-01 17:26:45.812895+00:00,591,,44,,,
,2026-04-01 17:26:45.812895+00:00,592,,44,,,
,2026-04-01 17:26:45.812895+00:00,593,,44,,,
,2026-04-01 17:26:56.263485+00:00,594,,16,,,
,2026-04-01 17:27:03.041248+00:00,595,,43,,,
,2026-04-01 17:27:03.237530+00:00,596,,19,,,
,2026-04-01 17:27:03.395123+00:00,597,,43,,,
,2026-04-01 17:27:06.135376+00:00,598,,19,,,
,2026-04-01 17:27:06.565357+00:00,599,,16,,,
,2026-04-01 17:27:08.346563+00:00,600,,43,,,
,2026-04-01 17:27:08.537094+00:00,601,,16,,,
,2026-04-01 17:27:09.067383+00:00,602,,19,,,
,2026-04-01 18:09:12.532793+00:00,603,,6008,,,
,2026-04-01 18:09:12.535488+00:00,604,,6009,,,
,2026-04-01 18:09:12.535528+00:00,605,,6005,,,
,2026-04-01 18:09:12.535961+00:00,606,,6013,,,
,2026-04-01 18:09:01.667221+00:00,607,,12,,,
,2026-04-01 18:09:01.667223+00:00,608,,25,,,
,2026-04-01 18:09:01.667355+00:00,609,,153,,,
,2026-04-01 18:09:01.667871+00:00,610,,20,,,
,2026-04-01 18:09:01.667883+00:00,611,,247,,,
,2026-04-01 18:09:01.668198+00:00,612,,238,,,
,2026-04-01 18:09:01.668198+00:00,613,,25,,,
,2026-04-01 18:09:01.668198+00:00,614,,27,,,
,2026-04-01 18:09:01.668205+00:00,615,,18,,,
,2026-04-01 18:09:01.668228+00:00,616,,32,,,
,2026-04-01 18:09:01.671072+00:00,617,,20,,,
,2026-04-01 18:09:01.702372+00:00,618,,16,,,
,2026-04-01 18:09:03.640261+00:00,619,,3,,,
,2026-04-01 18:09:05.751099+00:00,620,,6,,,
,2026-04-01 18:09:05.751930+00:00,621,,6,,,
,2026-04-01 18:09:05.753075+00:00,622,,6,,,
,2026-04-01 18:09:06.427952+00:00,623,,98,,,
,2026-04-01 18:09:06.778984+00:00,624,,55,,,
,2026-04-01 18:09:07.068121+00:00,625,,32,,,
,2026-04-01 18:09:07.081739+00:00,626,,6,,,
,2026-04-01 18:09:07.204714+00:00,627,,6,,,
,2026-04-01 18:09:07.241959+00:00,628,,41,,,
,2026-04-01 18:09:07.244740+00:00,629,,172,,,6.0
,2026-04-01 18:09:08.109402+00:00,630,,98,,,
,2026-04-01 18:09:08.356510+00:00,631,,24,,,
,2026-04-01 18:09:08.755114+00:00,632,,19,,,
,2026-04-01 18:09:08.755142+00:00,633,,25,,,
,2026-04-01 18:09:08.756359+00:00,634,,23,,,
,2026-04-01 18:09:08.923510+00:00,635,,14,,,
,2026-04-01 18:09:08.926786+00:00,636,,12,,,
,2026-04-01 18:09:09.060200+00:00,637,,6156,,,
,2026-04-01 18:09:09.406574+00:00,638,,16962,,,
,2026-04-01 18:09:09.423288+00:00,639,,16977,,,
,2026-04-01 18:09:09.423292+00:00,640,,16983,,,
,2026-04-01 18:09:11.005453+00:00,641,,6,,,
,2026-04-01 18:09:11.495928+00:00,642,,6,,,
,2026-04-01 18:09:11.529503+00:00,643,,6,,,
,2026-04-01 18:09:11.539293+00:00,644,,6,,,
,2026-04-01 18:09:11.669022+00:00,645,,6,,,
,2026-04-01 18:09:11.669256+00:00,646,,1,,,
,2026-04-01 18:09:11.669394+00:00,647,,6,,,
,2026-04-01 18:09:11.683615+00:00,648,,6,,,
,2026-04-01 18:09:11.724548+00:00,649,,6,,,
,2026-04-01 18:09:11.743134+00:00,650,,6,,,
,2026-04-01 18:09:11.751541+00:00,651,,6,,,
,2026-04-01 18:09:13.097099+00:00,652,,50036,,,
,2026-04-01 18:09:13.098303+00:00,653,,50103,,,
,2026-04-01 18:09:13.102962+00:00,654,,50036,,,
,2026-04-01 18:09:13.204859+00:00,655,,51046,,,
4.0,2026-04-01 18:09:13.674330+00:00,656,,112,http://*:5357/,,
4.0,2026-04-01 18:09:13.674335+00:00,657,,112,http://+:80/Temporary_Listen_Addresses/,,
4.0,2026-04-01 18:09:13.674339+00:00,658,,112,https://*:5358/,,
4.0,2026-04-01 18:09:13.674345+00:00,659,,112,http://*:2869/,,
4.0,2026-04-01 18:09:13.674351+00:00,660,,112,https://+:5986/wsman/,,
4.0,2026-04-01 18:09:13.674356+00:00,661,,112,http://+:47001/wsman/,,
4.0,2026-04-01 18:09:13.674360+00:00,662,,112,http://+:5985/wsman/,,
4.0,2026-04-01 18:09:13.674364+00:00,663,,112,https://+:3392/rdp/,,
4.0,2026-04-01 18:09:13.674370+00:00,664,,112,https://+:443/sra_{BA195980-CD49-458b-9E23-C84EE0ADCD75}/,,
4.0,2026-04-01 18:09:13.674377+00:00,665,,112,http://+:10247/apps/,,
4.0,2026-04-01 18:09:13.674379+00:00,666,,112,https://+:10245/WMPNSSv4/,,
4.0,2026-04-01 18:09:13.674385+00:00,667,,112,http://+:10243/WMPNSSv4/,,
4.0,2026-04-01 18:09:13.674389+00:00,668,,112,http://+:10246/MDEServer/,,
,2026-04-01 18:09:16.421251+00:00,669,,7026,,,
,2026-04-01 18:09:16.431797+00:00,670,,18,,,
,2026-04-01 18:09:27.444397+00:00,671,,1041,,,
,2026-04-01 18:09:27.444462+00:00,672,,1038,,,
,2026-04-01 18:09:32.133284+00:00,673,,1282,,,
,2026-04-01 18:09:32.593077+00:00,674,,1025,,,
,2026-04-01 18:11:24.873846+00:00,675,,10016,,,
,2026-04-01 18:11:37.760500+00:00,676,,44,,,
,2026-04-01 18:12:32.414026+00:00,677,,7001,,,
,2026-04-01 18:12:44.509911+00:00,678,,10010,,,
,2026-04-01 18:12:49.467171+00:00,679,,16,,,
,2026-04-01 18:13:09.034544+00:00,680,,16,,,
,2026-04-01 18:14:14.797094+00:00,681,,1801,,,
,2026-04-01 18:14:14.802286+00:00,682,,1796,,,
,2026-04-01 18:14:14.802328+00:00,683,,1796,,,
,2026-04-01 18:17:51.824104+00:00,684,,16,,,
,2026-04-08 15:32:48.293049+00:00,685,,6008,,,
,2026-04-08 15:32:48.294418+00:00,686,,6009,,,
,2026-04-08 15:32:48.294462+00:00,687,,6005,,,
,2026-04-08 15:32:48.312365+00:00,688,,6013,,,
,2026-04-08 15:32:38.646688+00:00,689,,12,,,
,2026-04-08 15:32:38.646690+00:00,690,,25,,,
,2026-04-08 15:32:38.646845+00:00,691,,153,,,
,2026-04-08 15:32:38.647154+00:00,692,,20,,,
,2026-04-08 15:32:38.647163+00:00,693,,247,,,
,2026-04-08 15:32:38.647293+00:00,694,,238,,,
,2026-04-08 15:32:38.647293+00:00,695,,25,,,
,2026-04-08 15:32:38.647293+00:00,696,,27,,,
,2026-04-08 15:32:38.647299+00:00,697,,18,,,
,2026-04-08 15:32:38.647316+00:00,698,,32,,,
,2026-04-08 15:32:38.649982+00:00,699,,20,,,
,2026-04-08 15:32:38.684671+00:00,700,,16,,,
,2026-04-08 15:32:40.385571+00:00,701,,3,,,
,2026-04-08 15:32:42.395830+00:00,702,,6,,,
,2026-04-08 15:32:42.396473+00:00,703,,6,,,
,2026-04-08 15:32:42.397375+00:00,704,,6,,,
,2026-04-08 15:32:42.806618+00:00,705,,98,,,
,2026-04-08 15:32:42.894083+00:00,706,,6,,,
,2026-04-08 15:32:42.899183+00:00,707,,6,,,
,2026-04-08 15:32:43.026922+00:00,708,,6,,,
,2026-04-08 15:32:43.064974+00:00,709,,41,,,
,2026-04-08 15:32:43.072535+00:00,710,,172,,,6.0
,2026-04-08 15:32:43.294523+00:00,711,,55,,,
,2026-04-08 15:32:43.559895+00:00,712,,32,,,
,2026-04-08 15:32:44.145329+00:00,713,,98,,,
,2026-04-08 15:32:44.334846+00:00,714,,24,,,
,2026-04-08 15:32:44.717136+00:00,715,,19,,,
,2026-04-08 15:32:44.717159+00:00,716,,25,,,
,2026-04-08 15:32:44.717737+00:00,717,,23,,,
,2026-04-08 15:32:44.855787+00:00,718,,14,,,
,2026-04-08 15:32:44.858315+00:00,719,,12,,,
,2026-04-08 15:32:44.946751+00:00,720,,6156,,,
,2026-04-08 15:32:45.246347+00:00,721,,16962,,,
,2026-04-08 15:32:45.263409+00:00,722,,16977,,,
,2026-04-08 15:32:45.263412+00:00,723,,16983,,,
,2026-04-08 15:32:46.752100+00:00,724,,6,,,
,2026-04-08 15:32:47.529142+00:00,725,,6,,,
,2026-04-08 15:32:47.554792+00:00,726,,6,,,
,2026-04-08 15:32:47.569576+00:00,727,,6,,,
,2026-04-08 15:32:47.627283+00:00,728,,6,,,
,2026-04-08 15:32:47.628719+00:00,729,,6,,,
,2026-04-08 15:32:47.628725+00:00,730,,1,,,
,2026-04-08 15:32:47.628798+00:00,731,,6,,,
,2026-04-08 15:32:47.642132+00:00,732,,6,,,
,2026-04-08 15:32:47.653284+00:00,733,,6,,,
,2026-04-08 15:32:48.684641+00:00,734,,50036,,,
,2026-04-08 15:32:48.685562+00:00,735,,50103,,,
,2026-04-08 15:32:48.685951+00:00,736,,50036,,,
,2026-04-08 15:32:48.777119+00:00,737,,51046,,,
4.0,2026-04-08 15:32:50.197615+00:00,738,,112,http://*:5357/,,
4.0,2026-04-08 15:32:50.197620+00:00,739,,112,http://+:80/Temporary_Listen_Addresses/,,
4.0,2026-04-08 15:32:50.197624+00:00,740,,112,https://*:5358/,,
4.0,2026-04-08 15:32:50.197628+00:00,741,,112,http://*:2869/,,
4.0,2026-04-08 15:32:50.197634+00:00,742,,112,https://+:5986/wsman/,,
4.0,2026-04-08 15:32:50.197639+00:00,743,,112,http://+:47001/wsman/,,
4.0,2026-04-08 15:32:50.197643+00:00,744,,112,http://+:5985/wsman/,,
4.0,2026-04-08 15:32:50.197647+00:00,745,,112,https://+:3392/rdp/,,
4.0,2026-04-08 15:32:50.197655+00:00,746,,112,https://+:443/sra_{BA195980-CD49-458b-9E23-C84EE0ADCD75}/,,
4.0,2026-04-08 15:32:50.197659+00:00,747,,112,http://+:10247/apps/,,
4.0,2026-04-08 15:32:50.197666+00:00,748,,112,https://+:10245/WMPNSSv4/,,
4.0,2026-04-08 15:32:50.197670+00:00,749,,112,http://+:10243/WMPNSSv4/,,
4.0,2026-04-08 15:32:50.197674+00:00,750,,112,http://+:10246/MDEServer/,,
,2026-04-08 15:32:55.819851+00:00,751,,7026,,,
,2026-04-08 15:32:55.822142+00:00,752,,18,,,
,2026-04-08 15:32:59.668480+00:00,753,,20,,,
,2026-04-08 15:32:59.821350+00:00,754,,7001,,,
,2026-04-08 15:33:16.254761+00:00,755,,10010,,,
,2026-04-08 15:33:37.817272+00:00,756,,7040,,,
,2026-04-08 15:33:42.548351+00:00,757,,7040,,,
,2026-04-08 15:33:43.265921+00:00,758,,1041,,,
,2026-04-08 15:33:43.266010+00:00,759,,1038,,,
,2026-04-08 15:33:51.433323+00:00,760,,1282,,,
,2026-04-08 15:34:01.278645+00:00,761,,1025,,,
,2026-04-08 15:34:23.068884+00:00,762,,11,,,
,2026-04-08 15:34:23.069044+00:00,763,,11,,,
,2026-04-08 15:34:24.186737+00:00,764,,7040,,,
,2026-04-08 15:34:27.814009+00:00,765,,10016,,,
,2026-04-08 15:34:28.999758+00:00,766,,10016,,,
,2026-04-08 15:34:32.382229+00:00,767,,10016,,,
,2026-04-08 15:35:03.206865+00:00,768,,10016,,,
,2026-04-08 15:35:03.206865+00:00,769,,10016,,,
,2026-04-08 15:35:03.209446+00:00,770,,10016,,,
,2026-04-08 15:35:09.144648+00:00,771,,44,,,
,2026-04-08 15:36:27.786278+00:00,772,,44,,,
,2026-04-08 15:36:28.552219+00:00,773,,43,,,
,2026-04-08 15:36:36.344606+00:00,774,,7040,,,
,2026-04-08 15:36:51.122482+00:00,775,,1,,,
,2026-04-08 15:36:55.515686+00:00,776,,7045,,,
,2026-04-08 15:36:58.319630+00:00,777,,6,,,
,2026-04-08 15:36:58.428854+00:00,778,,7045,,,
,2026-04-08 15:37:13.416636+00:00,779,,19,,,
,2026-04-08 15:37:22.926342+00:00,780,,16,,,
,2026-04-08 15:37:44.257366+00:00,781,,44,,,
,2026-04-08 15:37:50.775459+00:00,782,,7040,,,
,2026-04-08 15:37:56.344604+00:00,783,,43,,,
,2026-04-08 15:37:56.527006+00:00,784,,19,,,
,2026-04-08 15:38:13.183491+00:00,785,,1801,,,
,2026-04-08 15:38:13.240871+00:00,786,,1796,,,
,2026-04-08 15:38:13.240921+00:00,787,,1796,,,
,2026-04-08 15:38:34.669542+00:00,788,,7040,,,
,2026-04-08 15:38:42.971931+00:00,789,,44,,,
,2026-04-08 15:38:42.971931+00:00,790,,44,,,
,2026-04-08 15:38:43.087721+00:00,791,,43,,,
,2026-04-08 15:38:43.144279+00:00,792,,19,,,
,2026-04-08 15:40:24.144791+00:00,793,,7040,,,
,2026-04-08 15:41:17.281771+00:00,794,,7040,,,
,2026-04-08 15:45:32.854181+00:00,795,,7040,,,
,2026-04-08 22:19:43.433840+00:00,796,,6008,,,
,2026-04-08 22:19:43.434477+00:00,797,,6009,,,
,2026-04-08 22:19:43.434515+00:00,798,,6005,,,
,2026-04-08 22:19:43.434900+00:00,799,,6013,,,
,2026-04-08 22:19:32.756138+00:00,800,,12,,,
,2026-04-08 22:19:32.756138+00:00,801,,25,,,
,2026-04-08 22:19:32.756287+00:00,802,,153,,,
,2026-04-08 22:19:32.756763+00:00,803,,20,,,
,2026-04-08 22:19:32.756777+00:00,804,,247,,,
,2026-04-08 22:19:32.757113+00:00,805,,238,,,
,2026-04-08 22:19:32.757113+00:00,806,,25,,,
,2026-04-08 22:19:32.757113+00:00,807,,27,,,
,2026-04-08 22:19:32.757168+00:00,808,,18,,,
,2026-04-08 22:19:32.757193+00:00,809,,32,,,
,2026-04-08 22:19:32.760246+00:00,810,,20,,,
,2026-04-08 22:19:32.792326+00:00,811,,16,,,
,2026-04-08 22:19:34.478964+00:00,812,,3,,,
,2026-04-08 22:19:36.490082+00:00,813,,6,,,
,2026-04-08 22:19:36.490774+00:00,814,,6,,,
,2026-04-08 22:19:36.491730+00:00,815,,6,,,
,2026-04-08 22:19:37.048834+00:00,816,,98,,,
,2026-04-08 22:19:37.149162+00:00,817,,6,,,
,2026-04-08 22:19:37.154091+00:00,818,,6,,,
,2026-04-08 22:19:37.287409+00:00,819,,6,,,
,2026-04-08 22:19:37.330980+00:00,820,,41,,,
,2026-04-08 22:19:37.348822+00:00,821,,172,,,6.0
,2026-04-08 22:19:37.366800+00:00,822,,16,,,
,2026-04-08 22:19:37.479992+00:00,823,,16,,,
,2026-04-08 22:19:37.486662+00:00,824,,16,,,
,2026-04-08 22:19:37.578751+00:00,825,,55,,,
,2026-04-08 22:19:37.850946+00:00,826,,32,,,
,2026-04-08 22:19:38.421116+00:00,827,,16,,,
,2026-04-08 22:19:38.424978+00:00,828,,16,,,
,2026-04-08 22:19:38.436470+00:00,829,,98,,,
,2026-04-08 22:19:38.443577+00:00,830,,16,,,
,2026-04-08 22:19:38.445208+00:00,831,,16,,,
,2026-04-08 22:19:39.547121+00:00,832,,15,,,
,2026-04-08 22:19:39.576408+00:00,833,,24,,,
,2026-04-08 22:19:39.580935+00:00,834,,16,,,
,2026-04-08 22:19:40.628355+00:00,835,,19,,,
,2026-04-08 22:19:40.628376+00:00,836,,25,,,
,2026-04-08 22:19:40.629101+00:00,837,,23,,,
,2026-04-08 22:19:40.762388+00:00,838,,14,,,
,2026-04-08 22:19:40.764736+00:00,839,,12,,,
,2026-04-08 22:19:40.852064+00:00,840,,6156,,,
,2026-04-08 22:19:41.075254+00:00,841,,16962,,,
,2026-04-08 22:19:41.087103+00:00,842,,16977,,,
,2026-04-08 22:19:41.087107+00:00,843,,16983,,,
,2026-04-08 22:19:41.532892+00:00,844,,16,,,
,2026-04-08 22:19:41.963568+00:00,845,,16,,,
,2026-04-08 22:19:42.007990+00:00,846,,16,,,
,2026-04-08 22:19:42.511396+00:00,847,,6,,,
,2026-04-08 22:19:42.544800+00:00,848,,6,,,
,2026-04-08 22:19:42.552601+00:00,849,,6,,,
,2026-04-08 22:19:42.655699+00:00,850,,6,,,
,2026-04-08 22:19:42.655708+00:00,851,,1,,,
,2026-04-08 22:19:42.655840+00:00,852,,6,,,
,2026-04-08 22:19:42.702568+00:00,853,,6,,,
,2026-04-08 22:19:42.773699+00:00,854,,6,,,
,2026-04-08 22:19:42.812054+00:00,855,,6,,,
,2026-04-08 22:19:44.201580+00:00,856,,16,,,
,2026-04-08 22:19:44.283461+00:00,857,,50036,,,
,2026-04-08 22:19:44.286392+00:00,858,,50103,,,
,2026-04-08 22:19:44.286444+00:00,859,,50036,,,
,2026-04-08 22:19:44.676708+00:00,860,,51046,,,
4.0,2026-04-08 22:19:45.389380+00:00,861,,112,http://*:5357/,,
4.0,2026-04-08 22:19:45.389385+00:00,862,,112,http://+:80/Temporary_Listen_Addresses/,,
4.0,2026-04-08 22:19:45.389397+00:00,863,,112,https://*:5358/,,
4.0,2026-04-08 22:19:45.389400+00:00,864,,112,http://*:2869/,,
4.0,2026-04-08 22:19:45.389408+00:00,865,,112,https://+:5986/wsman/,,
4.0,2026-04-08 22:19:45.389412+00:00,866,,112,http://+:47001/wsman/,,
4.0,2026-04-08 22:19:45.389416+00:00,867,,112,http://+:5985/wsman/,,
4.0,2026-04-08 22:19:45.389418+00:00,868,,112,https://+:3392/rdp/,,
4.0,2026-04-08 22:19:45.389429+00:00,869,,112,https://+:443/sra_{BA195980-CD49-458b-9E23-C84EE0ADCD75}/,,
4.0,2026-04-08 22:19:45.389433+00:00,870,,112,http://+:10247/apps/,,
4.0,2026-04-08 22:19:45.389439+00:00,871,,112,https://+:10245/WMPNSSv4/,,
4.0,2026-04-08 22:19:45.389441+00:00,872,,112,http://+:10243/WMPNSSv4/,,
4.0,2026-04-08 22:19:45.389444+00:00,873,,112,http://+:10246/MDEServer/,,
,2026-04-08 22:19:49.386332+00:00,874,,7026,,,
,2026-04-08 22:19:49.393501+00:00,875,,18,,,
,2026-04-08 22:19:50.967463+00:00,876,,16,,,
,2026-04-08 22:19:59.703682+00:00,877,,1041,,,
,2026-04-08 22:19:59.703747+00:00,878,,1038,,,
,2026-04-08 22:20:03.510859+00:00,879,,16,,,
,2026-04-08 22:20:04.063946+00:00,880,,1282,,,
,2026-04-08 22:20:04.559422+00:00,881,,1025,,,
,2026-04-08 22:20:40.457439+00:00,882,,7001,,,
,2026-04-08 22:20:40.534895+00:00,883,,16,,,
,2026-04-08 22:20:40.594027+00:00,884,,16,,,
,2026-04-08 22:20:46.115166+00:00,885,,16,,,
,2026-04-08 22:20:47.951220+00:00,886,,16,,,
,2026-04-08 22:20:49.551256+00:00,887,,16,,,
,2026-04-08 22:20:49.553471+00:00,888,,16,,,
,2026-04-08 22:20:49.555653+00:00,889,,16,,,
,2026-04-08 22:20:49.984842+00:00,890,,16,,,
,2026-04-08 22:20:54.135015+00:00,891,,16,,,
,2026-04-08 22:20:57.220032+00:00,892,,16,,,
,2026-04-08 22:20:57.244272+00:00,893,,16,,,
,2026-04-08 22:20:57.246584+00:00,894,,16,,,
,2026-04-08 22:20:59.829046+00:00,895,,16,,,
,2026-04-08 22:21:31.708897+00:00,896,,10016,,,
,2026-04-08 22:21:32.731361+00:00,897,,7040,,,
,2026-04-08 22:21:45.606537+00:00,898,,10016,,,
,2026-04-08 22:21:46.603512+00:00,899,,10010,,,
,2026-04-08 22:21:51.040562+00:00,900,,10016,,,
,2026-04-08 22:21:51.786100+00:00,901,,16,,,
,2026-04-08 22:22:46.778070+00:00,902,,16,,,
,2026-04-08 22:22:49.109230+00:00,903,,16,,,
,2026-04-08 22:23:50.994864+00:00,904,,16,,,
,2026-04-08 22:24:58.707308+00:00,905,,1801,,,
,2026-04-08 22:24:58.714928+00:00,906,,1796,,,
,2026-04-08 22:24:58.714981+00:00,907,,1796,,,
,2026-04-08 22:24:59.544127+00:00,908,,16,,,
,2026-04-08 22:25:24.660648+00:00,909,,7040,,,
,2026-04-08 22:26:49.049650+00:00,910,,16,,,
,2026-04-08 22:26:49.052973+00:00,911,,16,,,
,2026-04-08 22:26:49.055605+00:00,912,,16,,,
,2026-04-08 22:27:02.944984+00:00,913,,16,,,
,2026-04-08 22:27:02.948610+00:00,914,,16,,,
,2026-04-08 22:27:02.950378+00:00,915,,16,,,
,2026-04-08 22:27:09.061522+00:00,916,,7040,,,
,2026-04-08 22:27:19.877159+00:00,917,,7045,,,
,2026-04-08 22:27:52.231661+00:00,918,,16,,,
,2026-04-08 22:31:40.453354+00:00,919,,44,,,
,2026-04-08 22:32:37.244310+00:00,920,,43,,,
,2026-04-08 22:33:04.903664+00:00,921,,19,,,
,2026-04-08 22:34:15.854923+00:00,922,,16,,,
,2026-04-08 22:34:16.136112+00:00,923,,16,,,
,2026-04-08 22:34:16.372957+00:00,924,,7040,,,
,2026-04-08 22:34:34.960394+00:00,925,,44,,,
,2026-04-08 22:36:21.269770+00:00,926,,44,,,
,2026-04-08 22:36:41.845758+00:00,927,,44,,,
,2026-04-08 22:39:17.465801+00:00,928,,44,,,
,2026-04-08 22:39:58.293110+00:00,929,,566,,,12.0
,2026-04-08 22:42:29.727314+00:00,930,,43,,,
,2026-04-08 22:42:30.541121+00:00,931,,19,,,
,2026-04-08 22:42:43.124664+00:00,932,,44,,,
,2026-04-08 22:42:49.225079+00:00,933,,16,,,
,2026-04-08 22:42:51.163416+00:00,934,,43,,,
,2026-04-08 22:42:53.827400+00:00,935,,19,,,
,2026-04-08 22:43:21.990023+00:00,936,,16,,,
,2026-04-08 22:43:23.265232+00:00,937,,43,,,
,2026-04-08 22:43:23.780891+00:00,938,,16,,,
,2026-04-08 22:43:24.887224+00:00,939,,19,,,
,2026-04-08 22:43:34.277990+00:00,940,,44,,,
,2026-04-08 22:43:43.073286+00:00,941,,44,,,
,2026-04-08 22:43:44.958847+00:00,942,,43,,,
,2026-04-08 22:43:54.229576+00:00,943,,566,,,32.0
,2026-04-08 22:44:27.331820+00:00,944,,16,,,
,2026-04-08 22:44:27.877569+00:00,945,,16,,,
,2026-04-08 22:45:23.269196+00:00,946,,19,,,
,2026-04-08 22:49:19.923803+00:00,947,,7040,,,
,2026-04-08 22:49:21.649982+00:00,948,,7040,,,
,2026-04-08 22:50:01.635002+00:00,949,,16,,,
,2026-04-08 22:50:06.811028+00:00,950,,43,,,
,2026-04-08 22:50:57.859550+00:00,951,,16,,,
,2026-04-08 22:51:43.788719+00:00,952,,16,,,
,2026-04-08 22:51:44.383965+00:00,953,,16,,,
,2026-04-08 22:51:45.502453+00:00,954,,19,,,
,2026-04-08 23:18:36.479145+00:00,955,,44,,,
,2026-04-08 23:18:36.479147+00:00,956,,44,,,
,2026-04-08 23:18:36.479147+00:00,957,,44,,,
,2026-04-08 23:18:36.479149+00:00,958,,44,,,
,2026-04-08 23:18:36.479149+00:00,959,,44,,,
,2026-04-08 23:19:21.822327+00:00,960,,566,,,12.0
,2026-04-08 23:20:15.798397+00:00,961,,37,,,
,2026-04-08 23:20:19.636173+00:00,962,,7040,,,
,2026-04-08 23:21:28.880085+00:00,963,,566,,,32.0
,2026-04-08 23:22:27.394018+00:00,964,,7011,,,
,2026-04-08 23:23:54.944529+00:00,965,,7009,,,
,2026-04-08 23:23:54.944529+00:00,966,,7000,,,
,2026-04-09 00:00:20.754004+00:00,967,,6008,,,
,2026-04-09 00:00:20.755562+00:00,968,,6009,,,
,2026-04-09 00:00:20.755596+00:00,969,,6005,,,
,2026-04-09 00:00:20.755919+00:00,970,,6013,,,
,2026-04-09 00:00:11.655233+00:00,971,,12,,,
,2026-04-09 00:00:11.655235+00:00,972,,25,,,
,2026-04-09 00:00:11.655428+00:00,973,,153,,,
,2026-04-09 00:00:11.655922+00:00,974,,20,,,
,2026-04-09 00:00:11.655941+00:00,975,,247,,,
,2026-04-09 00:00:11.656130+00:00,976,,238,,,
,2026-04-09 00:00:11.656130+00:00,977,,25,,,
,2026-04-09 00:00:11.656130+00:00,978,,27,,,
,2026-04-09 00:00:11.656147+00:00,979,,18,,,
,2026-04-09 00:00:11.656176+00:00,980,,32,,,
,2026-04-09 00:00:11.659901+00:00,981,,20,,,
,2026-04-09 00:00:11.693903+00:00,982,,16,,,
,2026-04-09 00:00:13.384964+00:00,983,,3,,,
,2026-04-09 00:00:15.454384+00:00,984,,6,,,
,2026-04-09 00:00:15.455082+00:00,985,,6,,,
,2026-04-09 00:00:15.456257+00:00,986,,6,,,
,2026-04-09 00:00:15.720457+00:00,987,,98,,,
,2026-04-09 00:00:15.811777+00:00,988,,6,,,
,2026-04-09 00:00:15.815855+00:00,989,,6,,,
,2026-04-09 00:00:15.915581+00:00,990,,6,,,
,2026-04-09 00:00:15.943781+00:00,991,,41,,,
,2026-04-09 00:00:15.954702+00:00,992,,172,,,6.0
,2026-04-09 00:00:16.168852+00:00,993,,55,,,
,2026-04-09 00:00:16.444548+00:00,994,,32,,,
,2026-04-09 00:00:17.054253+00:00,995,,98,,,
,2026-04-09 00:00:17.236959+00:00,996,,24,,,
,2026-04-09 00:00:17.629717+00:00,997,,19,,,
,2026-04-09 00:00:17.629742+00:00,998,,25,,,
,2026-04-09 00:00:17.630384+00:00,999,,23,,,
,2026-04-09 00:00:17.763678+00:00,1000,,14,,,
,2026-04-09 00:00:17.765982+00:00,1001,,12,,,
,2026-04-09 00:00:17.855717+00:00,1002,,6156,,,
,2026-04-09 00:00:18.163355+00:00,1003,,16962,,,
,2026-04-09 00:00:18.180677+00:00,1004,,16977,,,
,2026-04-09 00:00:18.180681+00:00,1005,,16983,,,
,2026-04-09 00:00:19.962181+00:00,1006,,6,,,
,2026-04-09 00:00:20.113649+00:00,1007,,6,,,
,2026-04-09 00:00:20.163580+00:00,1008,,6,,,
,2026-04-09 00:00:20.225525+00:00,1009,,6,,,
,2026-04-09 00:00:20.228041+00:00,1010,,6,,,
,2026-04-09 00:00:20.228046+00:00,1011,,1,,,
,2026-04-09 00:00:20.228117+00:00,1012,,6,,,
,2026-04-09 00:00:20.237202+00:00,1013,,6,,,
,2026-04-09 00:00:20.244318+00:00,1014,,6,,,
,2026-04-09 00:00:20.980400+00:00,1015,,50036,,,
,2026-04-09 00:00:20.981762+00:00,1016,,50103,,,
,2026-04-09 00:00:20.982027+00:00,1017,,50036,,,
,2026-04-09 00:00:21.036825+00:00,1018,,51046,,,
4.0,2026-04-09 00:00:22.479952+00:00,1019,,112,http://*:5357/,,
4.0,2026-04-09 00:00:22.479958+00:00,1020,,112,http://+:80/Temporary_Listen_Addresses/,,
4.0,2026-04-09 00:00:22.479961+00:00,1021,,112,https://*:5358/,,
4.0,2026-04-09 00:00:22.479967+00:00,1022,,112,http://*:2869/,,
4.0,2026-04-09 00:00:22.479973+00:00,1023,,112,https://+:5986/wsman/,,
4.0,2026-04-09 00:00:22.479979+00:00,1024,,112,http://+:47001/wsman/,,
4.0,2026-04-09 00:00:22.479982+00:00,1025,,112,http://+:5985/wsman/,,
4.0,2026-04-09 00:00:22.479984+00:00,1026,,112,https://+:3392/rdp/,,
4.0,2026-04-09 00:00:22.479992+00:00,1027,,112,https://+:443/sra_{BA195980-CD49-458b-9E23-C84EE0ADCD75}/,,
4.0,2026-04-09 00:00:22.480017+00:00,1028,,112,http://+:10247/apps/,,
4.0,2026-04-09 00:00:22.480022+00:00,1029,,112,https://+:10245/WMPNSSv4/,,
4.0,2026-04-09 00:00:22.480026+00:00,1030,,112,http://+:10243/WMPNSSv4/,,
4.0,2026-04-09 00:00:22.480030+00:00,1031,,112,http://+:10246/MDEServer/,,
,2026-04-09 00:00:26.644730+00:00,1032,,7026,,,
,2026-04-09 00:00:26.647686+00:00,1033,,18,,,
,2026-04-09 00:00:26.810221+00:00,1034,,7040,,,
,2026-04-09 00:00:40.289534+00:00,1035,,1041,,,
,2026-04-09 00:00:40.289598+00:00,1036,,1038,,,
,2026-04-09 00:00:44.848368+00:00,1037,,1282,,,
,2026-04-09 00:00:45.330374+00:00,1038,,1025,,,
,2026-04-09 00:00:48.244780+00:00,1039,,7001,,,
,2026-04-09 00:00:57.665340+00:00,1040,,10010,,,
,2026-04-09 00:02:17.345852+00:00,1041,,10016,,,
,2026-04-09 00:03:03.227726+00:00,1042,,7009,,,
,2026-04-09 00:03:03.227726+00:00,1043,,7000,,,
,2026-04-09 00:03:08.278807+00:00,1044,,10016,,,
,2026-04-09 00:03:21.114277+00:00,1045,,7040,,,
,2026-04-09 00:03:23.457842+00:00,1046,,16,,,
,2026-04-09 00:03:40.910042+00:00,1047,,10016,,,
,2026-04-09 00:03:40.912178+00:00,1048,,10016,,,
,2026-04-09 00:03:40.913805+00:00,1049,,10016,,,
,2026-04-09 00:05:24.870121+00:00,1050,,1801,,,
,2026-04-09 00:05:24.881760+00:00,1051,,1796,,,
,2026-04-09 00:05:24.881817+00:00,1052,,1796,,,
,2026-04-09 00:05:32.496765+00:00,1053,,7040,,,
,2026-04-09 00:10:46.801140+00:00,1054,,44,,,
,2026-04-09 00:10:46.801178+00:00,1055,,43,,,
,2026-04-09 00:11:01.657520+00:00,1056,,19,,,
