agent\.id,rule\.level,id,full_log,data\.vulnerability\.severity
001,4,1775670521.8115816, , 
001,4,1775670521.8118664, , 
001,3,1775670521.8121512, , 
001,3,1775670458.8095890, , 
001,3,1775670465.8110170, , 
001,4,1775670419.8025066, , 
001,4,1775670419.8027914, , 
001,3,1775670419.8030762, , 
001,3,1775670420.8053850, , 
001,4,1775670420.8061406, , 
001,3,1775670158.8001453, , 
001,3,1775670158.8015382, , 
001,3,1775669806.7918617, , 
001,3,1775669806.7926490, , 
001,3,1775669806.7938944, , 
001,3,1775669648.7870968, , 
001,3,1775669649.7876854, , 
001,3,1775669277.7811099, , 
001,3,1775669277.7816564, , 
001,3,1775669213.7719697, , 
001,3,1775669216.7731457, , 
001,3,1775669262.7799077, , 
001,3,1775669791.7911174, , 
001,3,1775669239.7751085, , 
001,4,1775669667.7897354, , 
001,4,1775669312.7833226, , 
001,3,1775668908.7405118, , 
001,3,1775665458.940860, , 
001,7,1775665458.962836, , 
001,3,1775665458.967832, , 
001,3,1775665458.1025720, , 
001,3,1775665458.1030692, , 
001,3,1775665458.1035677, , 
001,3,1775665459.1052443, , 
001,7,1775665459.1061506, , 
001,7,1775665459.1066451, , 
001,7,1775665459.1075374, , 
001,7,1775665459.1079387, , 
001,7,1775665459.1096765, , 
001,3,1775665459.1108193, , 
001,3,1775665459.1128511, , 
001,7,1775665459.1132690, , 
001,3,1775665459.1138082, , 
001,7,1775665459.1145685, , 
001,3,1775665459.1155508, , 
001,3,1775665459.1161483, , 
001,3,1775665459.1179792, , 
001,3,1775665459.1192802, , 
001,3,1775665459.1195633, , 
001,3,1775665459.1207142, , 
001,3,1775665459.1224802, , 
001,7,1775665459.1236012, , 
001,7,1775665459.1241463, , 
001,7,1775665459.1246380, , 
001,3,1775665459.1251748, , 
001,3,1775665459.1256588, , 
001,7,1775665459.1261476, , 
001,3,1775665459.1274962, , 
001,3,1775665459.1284031, , 
001,3,1775665459.1287634, , 
001,3,1775665459.1291479, , 
001,7,1775665460.1310113, , 
001,3,1775665460.1313224, , 
001,3,1775665460.1317789, , 
001,3,1775665460.1335286, , 
001,3,1775665460.1342304, , 
001,3,1775665460.1345539, , 
001,3,1775665460.1382724, , 
001,3,1775665460.1386473, , 
001,7,1775665460.1396770, , 
001,7,1775665460.1407061, , 
001,7,1775665460.1419855, , 
001,3,1775665460.1426014, , 
001,7,1775665460.1439528, , 
001,7,1775665460.1450307, , 
001,7,1775665460.1478493, , 
001,7,1775665461.1487675, , 
001,3,1775665461.1499793, , 
001,7,1775665461.1507537, , 
001,7,1775665461.1515399, , 
001,7,1775665461.1518966, , 
001,7,1775665461.1539749, , 
001,3,1775665461.1544415, , 
001,3,1775665461.1550209, , 
001,7,1775665461.1555781, , 
001,7,1775665461.1566027, , 
001,7,1775665461.1593359, , 
001,3,1775665461.1650645, , 
001,7,1775665461.1666167, , 
001,3,1775665461.1669008, , 
001,3,1775665461.1678620, , 
001,7,1775665461.1696321, , 
001,7,1775665461.1718172, , 
001,7,1775665461.1722352, , 
001,3,1775665462.1735323, , 
001,3,1775665462.1751767, , 
001,7,1775665462.1756575, , 
001,7,1775665462.1788599, , 
001,7,1775665462.1811571, , 
001,7,1775665462.1821142, , 
001,7,1775665462.1826094, , 
001,7,1775665462.1831076, , 
001,7,1775665462.1838931, , 
001,7,1775665462.1847784, , 
001,7,1775665462.1852088, , 
001,7,1775665462.1869509, , 
001,7,1775665462.1872406, , 
001,7,1775665462.1909489, , 
001,7,1775665463.1936112, , 
001,7,1775665463.1974370, , 
001,7,1775665463.1982163, , 
001,7,1775665463.2002971, , 
001,7,1775665463.2041793, , 
001,7,1775665463.2045734, , 
001,7,1775665463.2064624, , 
001,7,1775665463.2072890, , 
001,7,1775665463.2095188, , 
001,7,1775665463.2151908, , 
001,3,1775665463.2162166, , 
001,7,1775665463.2165417, , 
001,7,1775665463.2183807, , 
001,3,1775665464.2203058, , 
001,7,1775665464.2218196, , 
001,7,1775665464.2254200, , 
001,7,1775665464.2270009, , 
001,7,1775665464.2274028, , 
001,7,1775665464.2282236, , 
001,7,1775665464.2289909, , 
001,7,1775665464.2316134, , 
001,7,1775665464.2332485, , 
001,7,1775665464.2340541, , 
001,7,1775665464.2344924, , 
001,7,1775665464.2385304, , 
001,7,1775665464.2397384, , 
001,7,1775665464.2412516, , 
001,7,1775665464.2439025, , 
001,7,1775665465.2483790, , 
001,7,1775665465.2513113, , 
001,7,1775665465.2525615, , 
001,7,1775665465.2528722, , 
001,7,1775665465.2552078, , 
001,7,1775665465.2560239, , 
001,7,1775665465.2563877, , 
001,7,1775665465.2566752, , 
001,7,1775665465.2569762, , 
001,7,1775665465.2573351, , 
001,3,1775665465.2585660, , 
001,7,1775665465.2591165, , 
001,7,1775665465.2595331, , 
001,7,1775665465.2602815, , 
001,3,1775665465.2610909, , 
001,7,1775665465.2655045, , 
001,7,1775665465.2658652, , 
001,7,1775665465.2661996, , 
001,7,1775665465.2677274, , 
001,3,1775665465.2700893, , 
001,7,1775665466.2717084, , 
001,7,1775665466.2728317, , 
001,3,1775665466.2737437, , 
001,7,1775665466.2742601, , 
001,7,1775665466.2748130, , 
001,7,1775665466.2759755, , 
001,7,1775665466.2765733, , 
001,7,1775665466.2772727, , 
001,7,1775665466.2779952, , 
001,7,1775665466.2783895, , 
001,7,1775665466.2796523, , 
001,7,1775665466.2805089, , 
001,7,1775665466.2814120, , 
001,7,1775665466.2842988, , 
001,7,1775665466.2863583, , 
001,7,1775665466.2872070, , 
001,7,1775665466.2882346, , 
001,7,1775665466.2889496, , 
001,7,1775665466.2900509, , 
001,7,1775665466.2905576, , 
001,3,1775665466.2909827, , 
001,7,1775665466.2937683, , 
001,7,1775665466.2942104, , 
001,7,1775665466.2946575, , 
001,3,1775665467.2955308, , 
001,3,1775665467.2971119, , 
001,7,1775665467.2993117, , 
001,3,1775665467.3013778, , 
001,7,1775665467.3022422, , 
001,4,1775666389.5073846, , 
001,3,1775666389.5076564, , 
001,3,1775666390.5092660, , 
001,3,1775666390.5100672, , 
001,3,1775666391.5108668, , 
001,3,1775666391.5116668, , 
001,3,1775666391.5124652, , 
001,3,1775666401.5206611, , 
001,3,1775666403.5222619, , 
001,3,1775666403.5230619, , 
001,4,1775666403.5249431, , 
001,3,1775666403.5263255, , 
001,3,1775666405.5277821, , 
001,3,1775666405.5285764, , 
001,3,1775666376.4932053, , 
001,3,1775666380.4964747, , 
001,3,1775666380.4988011, , 
001,3,1775666382.5004039, , 
001,3,1775666382.5012601, , 
001,3,1775666383.5020669, , 
001,3,1775666385.5028677, , 
001,3,1775666386.5045253, , 
001,3,1775666392.5146942, , 
001,3,1775666393.5148753, , 
001,3,1775666396.5156767, , 
001,3,1775666464.5337220, , 
001,3,1775666465.5360624, , 
001,3,1775666399.5164777, , 
001,3,1775666418.5317546, , 
001,4,1775666440.5323762, , 
001,3,1775666558.5799563, , 
001,3,1775666558.5805651, , 
001,3,1775666558.5819572, , 
001,3,1775666808.5958975, , 
001,3,1775666808.5971061, , 
001,3,1775666810.5993589, , 
001,3,1775666586.5874315, , 
001,3,1775666588.5880784, , 
001,3,1775666595.5894738, , 
001,3,1775666812.6014075, , 
001,3,1775666561.5827441, , 
001,3,1775666565.5853497, , 
001,4,1775666773.5917571, , 
001,4,1775666773.5941415, , 
001,4,1775666680.5914853, , 
001,3,1775668051.6639502, , 
001,4,1775668052.6651576, , 
001,3,1775668054.6661068, , 
001,3,1775668054.6666706, , 
001,3,1775668075.6756949, , 
001,4,1775667969.6585793, , 
001,3,1775667969.6588509, , 
001,3,1775668047.6621330, , 
001,3,1775668047.6627500, , 
001,3,1775667987.6606355, , 
001,3,1775668084.6794373, , 
001,3,1775667944.6574606, , 
001,3,1775667858.6503386, , 
001,4,1775667933.6523916, , 
001,4,1775668534.7013399, , 
001,3,1775668534.7019091, , 
001,4,1775668535.7030015, , 
001,3,1775668535.7055901, , 
001,4,1775668536.7081219, , 
001,4,1775668477.6940521, , 
001,3,1775668477.6943237, , 
001,3,1775668477.6949435, , 
001,3,1775668478.6964301, , 
001,4,1775668506.6970253, , 
001,4,1775668506.6973099, , 
001,4,1775668507.6975945, , 
001,3,1775668511.7004725, , 
001,3,1775668177.6830803, , 
001,3,1775668086.6803259, , 
001,3,1775668087.6809425, , 
001,3,1775668374.6895611, , 
001,3,1775668371.6880061, , 
001,3,1775668397.6903605, , 
001,4,1775668306.6865708, , 
001,3,1775665294.150287, , 
001,3,1775665294.162073, , 
001,3,1775665298.174012, , 
001,4,1775665298.194730, , 
001,3,1775665245.13067,ossec: Agent started: 'Normal->any'., 
001,3,1775665247.25346, , 
001,3,1775665247.30970, , 
001,3,1775665247.43159, , 
001,3,1775665247.49399,ossec: Agent stopped: 'Normal->any'., 
001,4,1775665265.64907, , 
001,3,1775665266.79179, , 
001,3,1775665266.85375, , 
001,4,1775665267.91182, , 
001,3,1775665276.124309, , 
001,3,1775665314.236645, , 
001,5,1775665322.331838, , 
000,7,1775664924.1615,"ossec: output: 'netstat listening ports':
tcp 0.0.0.0:22 0.0.0.0:* /usr
tcp6 :::22 :::* /usr
udp 192.168.80.142:68 0.0.0.0:* 3736/systemd-networ
udp 127.0.0.1:323 0.0.0.0:* 3161/chronyd
udp6 ::1:323 :::* 3161/chronyd
tcp 0.0.0.0:1514 0.0.0.0:* 4408/wazuh-remoted
tcp 0.0.0.0:1515 0.0.0.0:* 4307/wazuh-authd
tcp6 127.0.0.1:9200 :::* 3797/java
tcp6 127.0.0.1:9300 :::* 3797/java
tcp 0.0.0.0:55000 0.0.0.0:* 4257/python3
tcp6 :::55000 :::* 4257/python3", 
000,3,1775664930.3245,"type=AVC msg=audit(1775664929.075:231): avc:  denied  { open } for  pid=1 comm=""systemd"" path=""/etc/systemd/system/wazuh-starter.service"" dev=""sda1"" ino=1805067 scontext=system_u:system_r:init_t:s0 tcontext=unconfined_u:object_r:user_home_t:s0 tclass=file permissive=1", 
000,10,1775664793.1033,"type=DAEMON_END msg=audit(1775664792.181:493): op=terminate auid=0 uid=0 ses=4294967295 pid=1 subj=system_u:system_r:init_t:s0 res=successAUID=""root"" UID=""root""", 
000,3,1775664958.4725,"type=AVC msg=audit(1775664957.614:237): avc:  denied  { read } for  pid=5633 comm=""passwd"" path=""/var/ossec/tmp/vd_1.0.0_vd_4.13.0.tar.xz"" dev=""sda1"" ino=4025514 scontext=system_u:system_r:passwd_t:s0 tcontext=system_u:object_r:var_t:s0 tclass=file permissive=1", 
001,3,1775665260.49722,ossec: Agent started: 'Normal->any'., 
001,3,1775665317.254469, , 
001,4,1775665317.262798, , 
001,3,1775665318.278485, , 
001,4,1775665318.288303, , 
001,3,1775665318.291269, , 
001,4,1775665319.313467, , 
001,7,1775665467.3039631, , 
001,3,1775665467.3043212, , 
001,3,1775665467.3048397, , 
001,3,1775665467.3059563, , 
001,3,1775665467.3066574, , 
001,7,1775665467.3072529, , 
001,3,1775665449.510655, , 
001,3,1775665449.516902, , 
001,3,1775665451.540646, , 
001,3,1775665451.546507, , 
001,3,1775665452.579779, , 
001,3,1775665452.591270, , 
001,3,1775665452.597142, , 
001,3,1775665452.602777, , 
001,3,1775665453.619880, , 
001,3,1775665453.670991, , 
001,3,1775665453.676681, , 
001,3,1775665453.682338, , 
001,3,1775665453.688032, , 
001,3,1775665453.693689, , 
001,3,1775665453.704988, , 
001,3,1775665453.722011, , 
001,3,1775665453.727666, , 
001,3,1775665453.756028, , 
001,3,1775665454.773066, , 
001,3,1775665454.778762, , 
001,3,1775665454.795776, , 
001,3,1775665454.824314, , 
001,3,1775665454.869746, , 
001,3,1775665454.875397, , 
001,3,1775665454.892492, , 
001,3,1775665424.440217, , 
001,3,1775665424.445767, , 
001,4,1775665425.457805, , 
001,3,1775665425.460524, , 
001,3,1775665368.398960, , 
001,3,1775665384.407079, , 
001,3,1775665458.927343, , 
001,4,1775665353.384613, , 
001,3,1775665341.345448, , 
001,4,1775665491.3092121, , 
001,3,1775665491.3094837, , 
001,9,1775665492.3121833, , 
001,3,1775665666.3254646, , 
001,3,1775665672.3280219, , 
001,3,1775665561.3145503, , 
001,4,1775665561.3164387, , 
001,3,1775665565.3167103, , 
001,3,1775665567.3173527, , 
001,3,1775665675.3306613, , 
001,3,1775665677.3312377, , 
001,3,1775665656.3248884, , 
001,3,1775665609.3209328, , 
001,9,1775665474.3090258, , 
001,3,1775665596.3196082,ossec: Agent stopped: 'Normal->any'., 
001,3,1775665689.3433479, , 
001,3,1775665690.3439245, , 
001,3,1775665690.3455896, , 
001,3,1775665690.3478390, , 
001,3,1775665690.3484026, , 
001,3,1775665690.3489899, , 
001,3,1775665690.3506904, , 
001,3,1775665690.3512645, , 
001,3,1775665690.3523953, , 
001,3,1775665690.3529682, , 
001,3,1775665690.3535403, , 
001,3,1775665690.3541055, , 
001,3,1775665691.3575139, , 
001,3,1775665691.3580795, , 
001,3,1775665691.3597752, , 
001,3,1775665691.3620450, , 
001,3,1775665691.3654538, , 
001,3,1775665691.3660192, , 
001,3,1775665691.3688560, , 
001,3,1775665691.3694303, , 
001,3,1775665691.3722763, , 
001,3,1775665691.3751183, , 
001,3,1775665691.3773938, , 
001,4,1775665679.3318562, , 
001,3,1775665680.3320798, , 
001,3,1775665681.3338651, , 
001,3,1775665683.3346736, , 
001,3,1775665683.3353000, , 
001,3,1775665683.3358768, , 
001,3,1775665684.3373105, , 
001,3,1775665684.3378867, , 
001,3,1775665686.3393186, , 
001,3,1775665686.3398952, , 
001,4,1775665686.3404803, , 
001,3,1775665689.3427116, , 
001,3,1775665696.3802330, , 
001,7,1775665696.3831000, , 
001,3,1775665865.3884179, , 
001,3,1775665865.3889795, , 
001,3,1775665868.3913478, , 
001,3,1775665870.3924840, , 
001,3,1775665849.3866443, , 
001,3,1775665863.3878565, , 
001,5,1775665759.3844789, , 
001,4,1775666246.4270252, , 
001,4,1775666246.4287470, , 
001,4,1775666247.4301840, , 
001,3,1775666248.4312760, , 
001,4,1775666230.4217388, , 
001,4,1775666230.4223084, , 
001,3,1775666230.4246124, , 
001,3,1775665999.4013664, , 
001,3,1775665999.4019902, , 
001,3,1775665978.4000738, , 
001,3,1775666053.4115081, , 
001,3,1775666014.4051550, , 
001,3,1775665942.3962205, , 
001,3,1775666078.4140277, , 
001,3,1775665898.3936396, , 
001,3,1775666343.4642324, , 
001,3,1775666344.4658215, , 
001,3,1775666344.4673091, , 
001,3,1775666344.4690213, , 
001,3,1775666344.4698775, , 
001,3,1775666344.4707333, , 
001,3,1775666348.4774519, , 
001,5,1775666320.4468808, , 
001,3,1775666320.4471271, , 
001,3,1775666320.4484293, , 
001,4,1775666321.4499123, , 
001,3,1775666324.4513767, , 
001,3,1775666325.4541986, , 
001,3,1775666325.4558244, , 
001,3,1775666256.4369028, , 
001,3,1775666256.4374605, , 
001,3,1775666257.4382238, , 
001,3,1775666257.4389967, , 
001,3,1775666258.4403283, , 
001,3,1775666371.4867262, , 
001,3,1775666375.4887824, , 
001,3,1775666375.4916180, , 
001,3,1775666370.4838313, , 
001,3,1775666371.4846317, , 
001,3,1775666327.4603391, , 
001,3,1775666331.4619158, , 
001,3,1775666315.4460622, , 
001,3,1775666251.4346278, , 
001,3,1775666331.4630608, , 
001,3,1775666545.5725080, , 
001,3,1775666545.5731436, , 
001,3,1775666545.5739617, , 
001,3,1775666546.5745817, , 
001,3,1775666549.5754597, , 
001,3,1775666478.5455006, , 
001,3,1775666480.5463026, , 
001,3,1775666481.5487068, , 
001,3,1775666475.5406916, , 
001,3,1775666476.5422950, , 
001,3,1775666478.5446990, , 
001,3,1775666487.5565308, , 
001,3,1775666490.5597364, , 
001,3,1775666492.5605376, , 
001,3,1775666493.5637430, , 
001,3,1775666495.5653454, , 
001,3,1775666497.5685504, , 
001,3,1775666484.5527190, , 
001,3,1775666484.5535206, , 
001,3,1775666503.5696236, , 
001,4,1775666506.5705222, , 
001,3,1775666540.5718912, , 
001,3,1775666549.5760767, , 
001,4,1775667403.6106300, , 
001,4,1775667404.6148272, , 
001,3,1775667404.6159788, , 
001,4,1775667405.6174626, , 
001,3,1775666832.6025661, , 
001,3,1775667319.6087456, , 
001,3,1775666919.6043237, , 
001,3,1775666991.6056383, , 
001,3,1775666991.6061848, , 
001,3,1775667445.6203414, , 
001,3,1775667448.6209478, , 
001,3,1775667463.6233846, , 
001,4,1775667418.6189038, , 
001,3,1775667819.6462325, , 
001,3,1775667819.6471506, , 
001,4,1775667726.6387665, , 
001,3,1775667726.6402503, , 
001,3,1775667772.6441515, , 
001,4,1775667778.6452961, , 
001,3,1775667778.6455679, , 
001,3,1775667731.6427509, , 
001,3,1775667521.6285387, , 
001,3,1775667536.6326993, , 
001,3,1775667541.6344409, , 
001,3,1775667755.6439939, , 
001,4,1775668861.7207840, , 
001,4,1775668861.7213536, , 
001,3,1775668862.7216384, , 
001,3,1775668866.7233776, , 
001,4,1775668786.7149925, , 
001,3,1775668786.7158815, , 
001,3,1775668791.7173975, , 
001,3,1775668874.7292580, , 
001,4,1775668874.7299428, , 
001,3,1775668876.7302148, , 
001,3,1775668879.7308212, , 
001,3,1775668551.7092911, , 
001,3,1775668553.7098692, , 
001,3,1775668835.7191971, , 
001,3,1775668792.7185995, , 
001,4,1775668883.7351166, , 
001,3,1775668702.7142052, , 
001,3,1775668940.7458375, , 
001,3,1775668942.7476851, , 
001,4,1775668942.7483501, , 
001,4,1775669174.7612697, , 
001,3,1775669175.7618389, , 
001,3,1775669128.7571423, , 
001,3,1775669128.7580190, , 
001,3,1775669131.7597875, , 
001,3,1775669131.7606646, , 
001,3,1775668920.7412615, , 
001,3,1775669070.7537255, , 
001,3,1775669071.7545631, , 
001,3,1775668960.7486219, , 
001,4,1775669037.7501651, , 
001,4,1775669196.7650373, , 
001,4,1775670458.8093044, , 
001,4,1775670420.8064254, , 
001,4,1775670421.8078672, , 
001,3,1775670421.8081520, , 
001,3,1775670290.8023257, , 
001,3,1775665458.933296, , 
001,3,1775665458.947763, , 
001,7,1775665458.980022, , 
001,7,1775665458.986491, , 
001,3,1775665458.990244, , 
001,3,1775665458.994860, , 
001,7,1775665458.999918, , 
001,7,1775665458.1004510, , 
001,7,1775665458.1007721, , 
001,7,1775665458.1020228, , 
001,3,1775665459.1088257, , 
001,7,1775665459.1092233, , 
001,3,1775665459.1113124, , 
001,7,1775665459.1141927, , 
001,3,1775665459.1149390, , 
001,3,1775665459.1170814, , 
001,7,1775665459.1202159, , 
001,3,1775665459.1278609, , 
001,7,1775665459.1295024, , 
001,3,1775665460.1301656, , 
001,7,1775665460.1321033, , 
001,7,1775665460.1364986, , 
001,7,1775665460.1367879, , 
001,3,1775665460.1374344, , 
001,3,1775665460.1376983, , 
001,7,1775665460.1379796, , 
001,7,1775665460.1393472, , 
001,7,1775665460.1403720, , 
001,7,1775665460.1410128, , 
001,7,1775665460.1416058, , 
001,7,1775665460.1422728, , 
001,7,1775665460.1430641, , 
001,3,1775665460.1446607, , 
001,7,1775665460.1454646, , 
001,7,1775665460.1459478, , 
001,3,1775665460.1470729, , 
001,7,1775665460.1482579, , 
001,7,1775665461.1491276, , 
001,7,1775665461.1495519, , 
001,3,1775665461.1503837, , 
001,7,1775665461.1511205, , 
001,7,1775665461.1527130, , 
001,3,1775665461.1559159, , 
001,3,1775665461.1573927, , 
001,3,1775665461.1582601, , 
001,7,1775665461.1585973, , 
001,7,1775665461.1597407, , 
001,3,1775665461.1601855, , 
001,7,1775665461.1610149, , 
001,3,1775665461.1642935, , 
001,7,1775665461.1658187, , 
001,3,1775665461.1702635, , 
001,7,1775665462.1731696, , 
001,3,1775665462.1746114, , 
001,7,1775665462.1785509, , 
001,7,1775665462.1798809, , 
001,7,1775665462.1834411, , 
001,7,1775665462.1842311, , 
001,7,1775665462.1859286, , 
001,7,1775665462.1862865, , 
001,7,1775665462.1866106, , 
001,7,1775665462.1876814, , 
001,3,1775665462.1881548, , 
001,7,1775665462.1887505, , 
001,7,1775665462.1897433, , 
001,3,1775665462.1900490, , 
001,7,1775665462.1925723, , 
001,7,1775665463.1930761, , 
001,7,1775665463.1941311, , 
001,7,1775665463.1962316, , 
001,7,1775665463.1969041, , 
001,7,1775665463.1987868, , 
001,7,1775665463.1992340, , 
001,7,1775665463.1997797, , 
001,7,1775665463.2017799, , 
001,7,1775665463.2025124, , 
001,7,1775665463.2029299, , 
001,7,1775665463.2032941, , 
001,7,1775665463.2049514, , 
001,7,1775665463.2057036, , 
001,7,1775665463.2068649, , 
001,7,1775665463.2100345, , 
001,7,1775665463.2128485, , 
001,7,1775665463.2143997, , 
001,7,1775665463.2148637, , 
001,3,1775665463.2176174, , 
001,7,1775665463.2180959, , 
001,7,1775665464.2187435, , 
001,7,1775665464.2195403, , 
001,3,1775665464.2199743, , 
001,3,1775665464.2206373, , 
001,7,1775665464.2214121, , 
001,7,1775665464.2236681, , 
001,3,1775665464.2240203, , 
001,7,1775665464.2258133, , 
001,7,1775665464.2305318, , 
001,7,1775665464.2336495, , 
001,7,1775665464.2349340, , 
001,7,1775665464.2363403, , 
001,7,1775665464.2379691, , 
001,7,1775665464.2423155, , 
001,7,1775665464.2428126, , 
001,7,1775665464.2448986, , 
001,7,1775665465.2462301, , 
001,7,1775665465.2472618, , 
001,7,1775665465.2504640, , 
001,7,1775665465.2508700, , 
001,7,1775665465.2521357, , 
001,7,1775665465.2542505, , 
001,3,1775665465.2545574, , 
001,7,1775665465.2580859, , 
001,7,1775665465.2599281, , 
001,3,1775665465.2606834, , 
001,7,1775665465.2614954, , 
001,3,1775665465.2650858, , 
001,7,1775665465.2692522, , 
001,7,1775665465.2696817, , 
001,3,1775665466.2713291, , 
001,3,1775665466.2720257, , 
001,7,1775665466.2732725, , 
001,7,1775665466.2789162, , 
001,7,1775665466.2818527, , 
001,7,1775665466.2833974, , 
001,7,1775665466.2838726, , 
001,7,1775665466.2879184, , 
001,3,1775665466.2885678, , 
001,7,1775665466.2896247, , 
001,7,1775665466.2913315, , 
001,7,1775665466.2916623, , 
001,7,1775665466.2924455, , 
001,7,1775665466.2928744, , 
001,7,1775665467.2951623, , 
001,7,1775665467.2959456, , 
001,3,1775665467.2966130, , 
001,3,1775665467.2975625, , 
001,7,1775665467.2984167, , 
001,3,1775665467.3001079, , 
001,7,1775665467.3005126, , 
001,3,1775665467.3009367, , 
001,3,1775666320.4476875, , 
001,3,1775666321.4492473, , 
001,3,1775666325.4527992, , 
001,3,1775666325.4533962, , 
001,3,1775666325.4550218, , 
001,3,1775666325.4575156, , 
001,3,1775666325.4583606, , 
001,3,1775666343.4636270, , 
001,3,1775666344.4724453, , 
001,3,1775666345.4733007, , 
001,3,1775666345.4739281, , 
001,3,1775666348.4766778, , 
001,3,1775666246.4275948, , 
001,4,1775666246.4284624, , 
001,4,1775666247.4298992, , 
001,3,1775666248.4320856, , 
001,3,1775666249.4329528, , 
001,3,1775666255.4352188, , 
001,3,1775666256.4363304, , 
001,3,1775666258.4409373, , 
001,3,1775666258.4417244, , 
001,3,1775666258.4423302, , 
001,3,1775666327.4605198, , 
001,3,1775666331.4613264, , 
001,4,1775666251.4337522, , 
001,3,1775666251.4340368, , 
001,3,1775666239.4251988, , 
001,3,1775666242.4258802, , 
001,3,1775666266.4431177, , 
001,3,1775666331.4624928, , 
001,3,1775666773.5920287, , 
001,4,1775666773.5926545, , 
001,3,1775666773.5935459, , 
001,3,1775666773.5944131, , 
001,3,1775666556.5772318, , 
001,3,1775666557.5779866, , 
001,3,1775666558.5785750, , 
001,3,1775666562.5835811, , 
001,4,1775666562.5844782, , 
001,4,1775666562.5847687, , 
001,3,1775666810.5999149, , 
001,3,1775666810.6007903, , 
001,3,1775666595.5886742, , 
001,3,1775666809.5976782, , 
001,3,1775666960.6050779, , 
001,4,1775666586.5865429, , 
001,3,1775666841.6041661, , 
001,3,1775667940.6538326, , 
001,4,1775667940.6551570, , 
001,4,1775667940.6554416, , 
001,3,1775667941.6565934, , 
001,4,1775667726.6384949, , 
001,3,1775667726.6396547, , 
001,3,1775667727.6413795, , 
001,3,1775668050.6633452, , 
001,3,1775668052.6645568, , 
001,3,1775668053.6654292, , 
001,3,1775667846.6490576, , 
001,3,1775667846.6497404, , 
001,3,1775667933.6529608, , 
001,3,1775667730.6419513, , 
001,3,1775667820.6478405, , 
001,3,1775667916.6518034, , 
001,3,1775667969.6580330, , 
001,4,1775668534.7016245, , 
001,4,1775668534.7027169, , 
001,4,1775668535.7032861, , 
001,4,1775668535.7035707, , 
001,3,1775668535.7038553, , 
001,3,1775668535.7047225, , 
001,4,1775668861.7204992, , 
001,3,1775668862.7225100, , 
001,4,1775668866.7240600, , 
001,4,1775668866.7243446, , 
001,3,1775668868.7261042, , 
001,3,1775668551.7086657, , 
001,3,1775668786.7143863, , 
001,3,1775668791.7180039, , 
001,3,1775668874.7277062, , 
001,3,1775668608.7130392, , 
001,3,1775668840.7199527, , 
001,4,1775669175.7615543, , 
001,4,1775669175.7627097, , 
001,3,1775669175.7632789, , 
001,4,1775669176.7641463, , 
001,3,1775669131.7588959, , 
001,4,1775669131.7595159, , 
001,4,1775669131.7603930, , 
001,3,1775669196.7653091, , 
001,3,1775669196.7659263, , 
001,3,1775669239.7756711, , 
001,3,1775669240.7763051, , 
001,3,1775669204.7672666, , 
001,3,1775669109.7562511, , 
001,3,1775669253.7771417, , 
001,3,1775669210.7705257, , 
001,4,1775669212.7716981, , 
001,3,1775669261.7783653, , 
001,4,1775669262.7789593, , 
001,3,1775669262.7805035, , 
001,4,1775669667.7900170, , 
001,3,1775669667.7902986, , 
001,3,1775670158.7981548, , 
001,3,1775670158.7987488, , 
001,3,1775670158.8009324, , 
001,4,1775669405.7849696, , 
001,3,1775669405.7852412, , 
001,3,1775669283.7822282, , 
001,3,1775669839.7968744, , 
001,3,1775669312.7835944, , 
001,3,1775669650.7885232, , 
001,3,1775670051.7975574, , 
001,4,1775665317.251380, , 
001,3,1775665317.265766, , 
001,4,1775665317.275519, , 
001,3,1775665319.316433, , 
001,3,1775665448.492969, , 
001,3,1775665450.528523, , 
001,3,1775665451.563149, , 
001,3,1775665452.574274, , 
001,3,1775665452.614140, , 
001,3,1775665453.625535, , 
001,3,1775665453.636910, , 
001,3,1775665453.642626, , 
001,3,1775665453.648277, , 
001,3,1775665453.653987, , 
001,3,1775665453.659644, , 
001,3,1775665453.665338, , 
001,3,1775665453.710634, , 
001,3,1775665453.716283, , 
001,3,1775665453.733346, , 
001,3,1775665453.739001, , 
001,3,1775665453.750360, , 
001,3,1775665453.761683, , 
001,3,1775665454.784417, , 
001,3,1775665454.801516, , 
001,3,1775665454.807171, , 
001,3,1775665454.829965, , 
001,3,1775665454.835697, , 
001,3,1775665454.847068, , 
001,3,1775665454.852719, , 
001,3,1775665454.858395, , 
001,3,1775665454.881109, , 
001,3,1775665454.886764, , 
001,3,1775665454.898143, , 
001,3,1775665353.347254, , 
001,3,1775665353.368940, , 
001,4,1775665353.375579, , 
001,3,1775665458.909482, , 
001,3,1775665458.915437, , 
001,3,1775665425.451345, , 
001,3,1775665421.428063, , 
001,3,1775665427.471751, , 
001,3,1775665437.480841, , 
001,3,1775665362.393097, , 
001,3,1775665337.339683, , 
001,4,1775665265.62063, , 
001,3,1775665265.67751, , 
001,4,1775665268.96874, , 
001,4,1775665275.112929, , 
001,3,1775665276.115646, , 
001,4,1775665314.221478, , 
001,3,1775665315.245123, , 
001,3,1775665260.50043, , 
001,3,1775665261.56297, , 
001,4,1775665295.171165, , 
001,4,1775665298.192015, , 
000,3,1775665269.109215, , 
000,7,1775665001.11580, , 
000,7,1775665285.132980,"ossec: output: 'netstat listening ports':
tcp 0.0.0.0:22 0.0.0.0:* /usr
tcp6 :::22 :::* /usr
udp 192.168.80.142:68 0.0.0.0:* 3736/systemd-networ
udp 127.0.0.1:323 0.0.0.0:* 3161/chronyd
udp6 ::1:323 :::* 3161/chronyd
tcp 0.0.0.0:443 0.0.0.0:* 5086/node
tcp 0.0.0.0:1514 0.0.0.0:* 4408/wazuh-remoted
tcp 0.0.0.0:1515 0.0.0.0:* 4307/wazuh-authd
tcp6 127.0.0.1:9200 :::* 3797/java
tcp6 127.0.0.1:9300 :::* 3797/java
tcp 0.0.0.0:55000 0.0.0.0:* 4257/python3
tcp6 :::55000 :::* 4257/python3", 
000,3,1775664930.3851,"type=AVC msg=audit(1775664929.075:232): avc:  denied  { ioctl } for  pid=1 comm=""systemd"" path=""/etc/systemd/system/wazuh-starter.service"" dev=""sda1"" ino=1805067 ioctlcmd=0x5401 scontext=system_u:system_r:init_t:s0 tcontext=unconfined_u:object_r:user_home_t:s0 tclass=file permissive=1", 
000,3,1775664970.5925,"type=AVC msg=audit(1775664970.763:240): avc:  denied  { open } for  pid=1 comm=""systemd"" path=""/etc/systemd/system/wazuh-starter.service"" dev=""sda1"" ino=1805067 scontext=system_u:system_r:init_t:s0 tcontext=unconfined_u:object_r:user_home_t:s0 tclass=file permissive=1", 
001,3,1775665608.3196407,ossec: Agent started: 'Normal->any'., 
001,3,1775665609.3196730, , 
001,3,1775665609.3202986, , 
001,3,1775665609.3214952, , 
001,3,1775665609.3220718, , 
001,7,1775665467.3035059, , 
001,3,1775665467.3055042, , 
001,7,1775665467.3063330, , 
001,3,1775665467.3086271, , 
001,4,1775665491.3101035, , 
001,3,1775665491.3115875, , 
001,4,1775665646.3234705, , 
001,3,1775665646.3236947, , 
001,3,1775665673.3288825, , 
001,3,1775665673.3294483, , 
001,3,1775665561.3133287, , 
001,3,1775665561.3151884, , 
001,3,1775665672.3268436, , 
000,3,1775665524.3123714, , 
001,3,1775665690.3495535, , 
001,3,1775665690.3501248, , 
001,3,1775665690.3552412, , 
001,3,1775665690.3558064, , 
001,3,1775665691.3563757, , 
001,3,1775665691.3603403, , 
001,3,1775665691.3614792, , 
001,3,1775665691.3626129, , 
001,3,1775665691.3631783, , 
001,3,1775665691.3665850, , 
001,3,1775665691.3699957, , 
001,3,1775665691.3711350, , 
001,3,1775665691.3717008, , 
001,3,1775665691.3734217, , 
001,3,1775665691.3745525, , 
001,3,1775665691.3756862, , 
001,3,1775665691.3768280, , 
001,7,1775665696.3809897, , 
001,3,1775665696.3816665, , 
001,4,1775665685.3384722, , 
001,4,1775665687.3407027, , 
001,3,1775665687.3421267, , 
001,3,1775665969.3994702, , 
001,3,1775665870.3930734, , 
001,3,1775665940.3950416, , 
001,3,1775665849.3846567, , 
001,3,1775665865.3895710, , 
001,4,1775665949.3985860, , 
001,4,1775666230.4205872, , 
001,3,1775666230.4208720, , 
001,4,1775666230.4225932, , 
001,3,1775666230.4228780, , 
001,3,1775666103.4154133, , 
001,3,1775666108.4160300, , 
001,3,1775666108.4165962, , 
001,3,1775666007.4039020, , 
001,3,1775666007.4045447, , 
001,3,1775666062.4121037, , 
001,3,1775666154.4178471, , 
001,3,1775666154.4184256, , 
001,3,1775666035.4057310, , 
001,3,1775666035.4063544, , 
001,3,1775666042.4091557, , 
001,3,1775666048.4103667, , 
001,3,1775666086.4142084, , 
001,3,1775666399.5172791, , 
001,3,1775666399.5178855, , 
001,3,1775666401.5184739, , 
001,3,1775666401.5190623, , 
001,3,1775666401.5198621, , 
001,3,1775666372.4875566, , 
001,3,1775666375.4881632, , 
001,3,1775666375.4895835, , 
001,3,1775666375.4902075, , 
001,3,1775666375.4924053, , 
001,3,1775666387.5059323, , 
001,3,1775666390.5084644, , 
001,3,1775666392.5133292, , 
001,3,1775666392.5138928, , 
001,3,1775666370.4830317, , 
001,3,1775666371.4853145, , 
001,3,1775666354.4782601, , 
001,3,1775666354.4790677, , 
001,3,1775666403.5214615, , 
001,3,1775666403.5238617, , 
001,3,1775666380.4973387, , 
001,3,1775666380.4981951, , 
001,3,1775666361.4814181, , 
001,3,1775666361.4822129, , 
001,3,1775666386.5037233, , 
001,3,1775666472.5374872, , 
001,3,1775666472.5382882, , 
001,3,1775666473.5398904, , 
001,3,1775666475.5414930, , 
001,3,1775666476.5430966, , 
001,3,1775666489.5573326, , 
001,3,1775666492.5613386, , 
001,3,1775666492.5621400, , 
001,3,1775666493.5629418, , 
001,3,1775666461.5326729, , 
001,3,1775666465.5346086, , 
001,3,1775666465.5354648, , 
001,3,1775666484.5519174, , 
001,3,1775666486.5549280, , 
001,3,1775666487.5557294, , 
001,3,1775666481.5479052, , 
001,3,1775666482.5511162, , 
001,3,1775666506.5708038, , 
001,3,1775666496.5669476, , 
001,3,1775666407.5300748, , 
001,4,1775666549.5751881, , 
001,4,1775667403.6109146, , 
001,4,1775667403.6111992, , 
001,3,1775667403.6114838, , 
001,3,1775667403.6123512, , 
001,4,1775667403.6139730, , 
001,4,1775667403.6142578, , 
001,3,1775667404.6151118, , 
001,4,1775667405.6177474, , 
001,4,1775667462.6224178, , 
001,3,1775667463.6239311, , 
001,4,1775667479.6256043, , 
001,3,1775667479.6258761, , 
001,3,1775667479.6264929, , 
001,3,1775667536.6315879, , 
001,3,1775667536.6321436, , 
001,3,1775667536.6332715, , 
001,3,1775667521.6279451, , 
001,3,1775667521.6291319, , 
001,3,1775667522.6298833, , 
001,3,1775667363.6095450, , 
001,3,1775667074.6073818, , 
001,3,1775667452.6215418, , 
001,4,1775667419.6191886, , 
001,3,1775668075.6711067, , 
001,3,1775668075.6717741, , 
001,3,1775668075.6746950, , 
001,4,1775668477.6931607, , 
001,4,1775668477.6955391, , 
001,3,1775668477.6958107, , 
001,3,1775668252.6850613, , 
001,3,1775668076.6766944, , 
001,3,1775668089.6815477, , 
001,3,1775668089.6821435, , 
001,3,1775668452.6909249, , 
001,3,1775668272.6860102, , 
001,4,1775668508.6978791, , 
001,4,1775668511.6999033, , 
001,4,1775668081.6788941, , 
001,3,1775669068.7510569, , 
001,3,1775669068.7516527, , 
001,3,1775669068.7525413, , 
001,3,1775669070.7531371, , 
001,4,1775669071.7542915, , 
001,3,1775668887.7359842, , 
001,4,1775668888.7366488, , 
001,3,1775668888.7369206, , 
001,3,1775668890.7380338, , 
001,3,1775668890.7387301, , 
001,3,1775668892.7393416, , 
001,3,1775668881.7313854, , 
001,3,1775668883.7344628, , 
001,3,1775668884.7353884, , 
001,3,1775668938.7430769, , 
001,4,1775668939.7449540, , 
001,3,1775669082.7551797, , 
001,3,1775668925.7421405, , 
001,3,1775669037.7504369, , 
001,3,1775668908.7399482, , 
001,4,1775670457.8090198, , 
001,3,1775670458.8101494, , 
001,4,1775670419.8039486, , 
001,4,1775670419.8042332, , 
001,3,1775670419.8045178, , 
001,3,1775670421.8067102, , 
001,4,1775670421.8075824, , 
001,3,1775670158.7995359, , 
001,3,1775669823.7961190, , 
001,3,1775669806.7932546, , 
001,3,1775669808.7946840, , 
001,3,1775669808.7953290, , 
001,3,1775669791.7916806, , 
001,10,1775669237.7742522, ,High
001,3,1775669239.7745223, , 
001,4,1775669253.7768701, , 
001,3,1775669256.7777587, , 
001,4,1775669650.7882516, , 
001,3,1775669650.7891402, , 
001,3,1775669333.7842140, , 
001,3,1775669262.7792309, , 
001,3,1775669407.7859180, , 
001,3,1775669497.7865244, , 
001,4,1775669283.7828932, , 
001,4,1775669109.7559793, , 
001,3,1775669307.7831650, , 
001,3,1775665294.134261, , 
001,3,1775665294.142302, , 
001,4,1775665295.168318, , 
001,4,1775665298.182725, , 
001,3,1775665298.185440, , 
001,4,1775665319.300879, , 
001,3,1775665319.303845, , 
001,4,1775665265.76463, , 
001,4,1775665267.94028, , 
001,4,1775665268.99720, , 
001,3,1775665268.102566, , 
001,5,1775665322.326599, , 
001,5,1775665322.330248, , 
001,3,1775665323.333432, , 
001,3,1775665247.13334, , 
001,3,1775665247.19582, , 
001,3,1775665247.37308, , 
000,5,1775664993.7786, , 
000,7,1775664791.0,"ossec: output: 'netstat listening ports':
tcp 0.0.0.0:1514 0.0.0.0:* 4519/wazuh-remoted
tcp 0.0.0.0:1515 0.0.0.0:* 4369/wazuh-authd
tcp 0.0.0.0:55000 0.0.0.0:* 4318/python3
tcp6 :::55000 :::* 4318/python3", 
000,3,1775664930.2613,"type=AVC msg=audit(1775664929.075:230): avc:  denied  { read } for  pid=1 comm=""systemd"" name=""wazuh-starter.service"" dev=""sda1"" ino=1805067 scontext=system_u:system_r:init_t:s0 tcontext=unconfined_u:object_r:user_home_t:s0 tclass=file permissive=1", 
000,3,1775664932.4474,ossec: Manager started., 
000,3,1775664970.6531,"type=AVC msg=audit(1775664970.763:241): avc:  denied  { ioctl } for  pid=1 comm=""systemd"" path=""/etc/systemd/system/wazuh-starter.service"" dev=""sda1"" ino=1805067 ioctlcmd=0x5401 scontext=system_u:system_r:init_t:s0 tcontext=unconfined_u:object_r:user_home_t:s0 tclass=file permissive=1", 
000,3,1775664970.7154,"type=AVC msg=audit(1775664970.763:239): avc:  denied  { read } for  pid=1 comm=""systemd"" name=""wazuh-starter.service"" dev=""sda1"" ino=1805067 scontext=system_u:system_r:init_t:s0 tcontext=unconfined_u:object_r:user_home_t:s0 tclass=file permissive=1", 
000,3,1775664958.5326,"type=AVC msg=audit(1775664957.614:238): avc:  denied  { write } for  pid=5633 comm=""passwd"" path=""/var/ossec/tmp/vd_1.0.0_vd_4.13.0.tar"" dev=""sda1"" ino=1944073 scontext=system_u:system_r:passwd_t:s0 tcontext=system_u:object_r:var_t:s0 tclass=file permissive=1", 
001,3,1775665458.921388, , 
001,3,1775665458.954966, , 
001,7,1775665458.974722, , 
001,3,1775665458.1013758, , 
001,3,1775665459.1040767, , 
001,3,1775665459.1046382, , 
001,7,1775665459.1057673, , 
001,7,1775665459.1071303, , 
001,7,1775665459.1082883, , 
001,3,1775665459.1102827, , 
001,7,1775665459.1117367, , 
001,7,1775665459.1122652, , 
001,3,1775665459.1152471, , 
001,3,1775665446.486730, , 
001,3,1775665448.498736, , 
001,3,1775665449.504590, , 
001,3,1775665450.522669, , 
001,3,1775665450.534883, , 
001,3,1775665451.552005, , 
001,3,1775665451.557640, , 
001,3,1775665452.568643, , 
001,3,1775665452.585639, , 
001,3,1775665452.608489, , 
001,3,1775665453.631259, , 
001,3,1775665453.699339, , 
001,3,1775665453.744705, , 
001,3,1775665453.767415, , 
001,3,1775665454.790121, , 
001,3,1775665454.812907, , 
001,3,1775665454.818562, , 
001,3,1775665454.841352, , 
001,3,1775665454.864046, , 
001,3,1775665454.903831, , 
001,3,1775665311.197445, , 
001,3,1775665313.203638, , 
001,4,1775665313.209851, , 
001,3,1775665314.212566, , 
001,4,1775665314.218761, , 
001,3,1775665314.224195, , 
001,3,1775665314.230446, , 
001,4,1775665315.242406, , 
001,4,1775665353.353335, , 
001,3,1775665353.356050, , 
001,3,1775665353.362301, , 
001,3,1775665353.378300, , 
001,3,1775665354.387330, , 
001,3,1775665415.419109, , 
001,4,1775665421.425346, , 
001,3,1775665421.434262, , 
001,3,1775665384.413342, , 
001,3,1775665427.465986, , 
001,4,1775665433.477814, , 
001,3,1775665681.3326643, , 
001,3,1775665681.3332889, , 
001,4,1775665682.3344500, , 
001,4,1775665683.3364619, , 
001,3,1775665556.3127429, , 
001,3,1775665561.3139648, , 
001,3,1775665561.3157739, , 
001,4,1775665673.3286107, , 
001,3,1775665673.3300655, , 
001,3,1775665577.3179509, , 
001,3,1775665580.3184974, , 
001,3,1775665580.3190500, , 
001,3,1775665643.3226571, , 
001,3,1775665491.3103751, , 
001,3,1775665491.3109917, , 
001,3,1775665669.3262190, , 
001,3,1775665672.3274617, , 
001,7,1775665467.3030932, , 
001,3,1775665467.3080798, , 
001,3,1775665655.3243195, , 
001,3,1775665849.3852183, , 
001,3,1775665849.3858069, , 
001,4,1775665849.3863727, , 
001,3,1775665849.3872613, , 
001,3,1775665940.3937972, , 
001,3,1775665940.3944399, , 
001,3,1775665942.3956038, , 
001,3,1775665942.3967857, , 
001,3,1775665684.3366867, , 
001,3,1775665686.3386948, , 
001,3,1775665687.3409259, , 
001,3,1775665687.3415503, , 
001,3,1775665690.3444746, , 
001,3,1775665690.3450384, , 
001,3,1775665690.3461391, , 
001,3,1775665690.3467023, , 
001,3,1775665690.3472884, , 
001,3,1775665690.3518301, , 
001,3,1775665690.3546760, , 
001,3,1775665691.3569446, , 
001,3,1775665691.3586451, , 
001,3,1775665691.3592103, , 
001,3,1775665691.3609134, , 
001,3,1775665691.3637486, , 
001,3,1775665691.3643136, , 
001,3,1775665691.3648803, , 
001,3,1775665691.3671545, , 
001,3,1775665691.3677199, , 
001,3,1775665691.3682906, , 
001,3,1775665691.3705696, , 
001,3,1775665691.3728494, , 
001,3,1775665691.3739867, , 
001,3,1775665691.3762569, , 
001,3,1775665691.3779588, , 
001,3,1775665691.3785246, , 
001,3,1775665691.3790977, , 
001,3,1775665692.3796672, , 
001,3,1775665866.3901171, , 
001,3,1775665866.3907616, , 
001,7,1775665696.3823571, , 
001,3,1775665870.3919198, , 
001,3,1775665726.3839324, , 
001,9,1775665711.3837461, , 
001,3,1775666035.4069196, , 
001,3,1775666035.4077018, , 
001,3,1775666039.4082674, , 
001,3,1775665999.4025554, , 
001,3,1775665999.4033372, , 
001,3,1775666076.4128581, , 
001,3,1775666078.4134641, , 
001,3,1775666048.4097811, , 
001,3,1775666048.4109281, , 
001,3,1775665946.3974276, , 
001,3,1775665949.3980397, , 
001,3,1775665978.4007201, , 
001,3,1775666089.4147688, , 
001,3,1775665953.3988638, , 
001,4,1775666042.4088841, , 
001,3,1775666343.4650195, , 
001,3,1775666344.4664531, , 
001,3,1775666344.4681655, , 
001,3,1775666344.4715899, , 
001,3,1775666345.4747150, , 
001,3,1775666347.4753568, , 
001,3,1775666348.4759145, , 
001,3,1775666322.4501841, , 
001,3,1775666322.4507705, , 
001,3,1775666324.4519692, , 
001,3,1775666325.4566702, , 
001,3,1775666326.4592132, , 
001,3,1775666376.4948121, , 
001,3,1775666379.4956187, , 
001,3,1775666381.4996023, , 
001,3,1775666375.4910086, , 
001,3,1775666376.4940051, , 
001,3,1775666354.4798761, , 
001,3,1775666387.5051311, , 
001,3,1775666360.4806841, , 
001,3,1775666371.4861333, , 
001,5,1775666326.4600662, , 
001,4,1775666403.5246615, , 
001,4,1775666403.5252247, , 
001,3,1775666403.5255063, , 
001,3,1775666405.5271333, , 
001,3,1775666405.5292649, , 
001,3,1775666480.5471042, , 
001,3,1775666481.5495078, , 
001,3,1775666482.5503152, , 
001,3,1775666473.5390896, , 
001,3,1775666478.5438978, , 
001,3,1775666490.5581336, , 
001,3,1775666490.5589344, , 
001,3,1775666409.5306812, , 
001,3,1775666486.5541272, , 
001,3,1775666389.5067196, , 
001,3,1775666467.5368702, , 
001,4,1775666418.5314828, , 
001,3,1775667725.6361134, , 
001,3,1775667725.6366599, , 
001,3,1775667726.6372659, , 
001,3,1775667726.6378301, , 
001,3,1775667726.6390381, , 
001,3,1775667727.6408151, , 
001,4,1775667462.6221330, , 
001,3,1775667463.6227026, , 
001,3,1775667466.6248035, , 
001,4,1775667519.6276605, , 
001,3,1775667521.6292897, , 
001,3,1775667419.6194734, , 
001,3,1775667535.6304769, , 
001,3,1775667535.6310322, , 
001,3,1775667538.6338290, , 
001,3,1775667479.6270883, , 
001,3,1775667544.6349984, , 
001,3,1775667557.6355561, , 
001,3,1775668071.6698587, , 
001,4,1775668071.6708351, , 
001,3,1775668075.6727432, , 
001,3,1775668075.6736911, , 
001,3,1775668181.6841164, , 
001,3,1775668076.6776431, , 
001,3,1775668076.6782389, , 
001,3,1775668054.6672692, , 
001,3,1775668054.6678948, , 
001,3,1775668063.6690642, , 
001,3,1775668055.6684904, , 
001,4,1775668090.6828085, , 
001,4,1775668084.6791657, , 
001,4,1775668086.6800543, , 
001,3,1775668938.7436831, , 
001,3,1775668939.7443000, , 
001,3,1775668939.7452262, , 
001,4,1775668940.7464877, , 
001,3,1775668941.7467595, , 
001,4,1775668941.7474133, , 
001,3,1775668882.7320023, , 
001,4,1775668883.7326563, , 
001,3,1775668883.7329285, , 
001,3,1775668883.7335404, , 
001,4,1775668883.7341910, , 
001,4,1775668861.7210688, , 
001,3,1775668866.7246292, , 
001,3,1775668866.7252356, , 
001,3,1775668871.7269060, , 
001,3,1775668874.7283004, , 
001,4,1775668874.7289858, , 
001,3,1775668786.7152643, , 
001,4,1775668791.7164773, , 
001,3,1775668791.7167493, , 
001,3,1775668983.7492283, , 
001,4,1775668983.7498933, , 
001,3,1775668646.7136036, , 
001,3,1775668888.7374761, , 
001,4,1775668920.7406923, , 
001,4,1775668920.7409769, , 
001,4,1775668925.7428053, , 
001,3,1775665459.1174885, , 
001,3,1775665459.1183336, , 
001,7,1775665459.1188511, , 
001,3,1775665459.1212538, , 
001,7,1775665459.1216007, , 
001,7,1775665459.1230559, , 
001,7,1775665459.1266806, , 
001,7,1775665459.1271061, , 
001,7,1775665460.1298605, , 
001,7,1775665460.1307052, , 
001,3,1775665460.1324139, , 
001,3,1775665460.1328236, , 
001,7,1775665460.1331883, , 
001,3,1775665460.1338950, , 
001,3,1775665460.1348920, , 
001,7,1775665460.1352420, , 
001,7,1775665460.1355490, , 
001,7,1775665460.1358741, , 
001,7,1775665460.1361867, , 
001,7,1775665460.1370987, , 
001,3,1775665460.1389885, , 
001,3,1775665460.1399842, , 
001,7,1775665460.1413302, , 
001,7,1775665460.1433603, , 
001,7,1775665460.1436602, , 
001,3,1775665460.1442563, , 
001,7,1775665460.1462790, , 
001,7,1775665460.1466744, , 
001,3,1775665460.1474783, , 
001,7,1775665461.1523818, , 
001,7,1775665461.1531084, , 
001,7,1775665461.1535069, , 
001,7,1775665461.1562815, , 
001,3,1775665461.1569997, , 
001,7,1775665461.1578105, , 
001,7,1775665461.1589579, , 
001,3,1775665461.1605905, , 
001,7,1775665461.1613837, , 
001,7,1775665461.1619859, , 
001,3,1775665461.1624843, , 
001,7,1775665461.1629483, , 
001,3,1775665461.1637685, , 
001,7,1775665461.1646687, , 
001,7,1775665461.1655215, , 
001,7,1775665461.1661181, , 
001,3,1775665461.1674788, , 
001,3,1775665461.1683821, , 
001,7,1775665461.1688156, , 
001,7,1775665461.1691969, , 
001,3,1775665461.1707936, , 
001,7,1775665461.1714328, , 
001,7,1775665462.1726999, , 
001,7,1775665462.1741659, , 
001,7,1775665462.1761310, , 
001,3,1775665462.1766015, , 
001,7,1775665462.1770546, , 
001,3,1775665462.1775666, , 
001,7,1775665462.1780312, , 
001,3,1775665462.1791754, , 
001,3,1775665462.1795213, , 
001,7,1775665462.1803025, , 
001,7,1775665462.1807700, , 
001,7,1775665462.1814661, , 
001,7,1775665462.1855681, , 
001,7,1775665462.1893476, , 
001,7,1775665462.1904817, , 
001,7,1775665462.1914633, , 
001,7,1775665462.1920867, , 
001,7,1775665463.1947987, , 
001,7,1775665463.1954339, , 
001,7,1775665463.2007807, , 
001,7,1775665463.2012988, , 
001,3,1775665463.2021437, , 
001,7,1775665463.2037451, , 
001,7,1775665463.2053319, , 
001,7,1775665463.2060881, , 
001,3,1775665463.2077012, , 
001,7,1775665463.2081222, , 
001,7,1775665463.2085354, , 
001,7,1775665463.2089673, , 
001,7,1775665463.2106590, , 
001,7,1775665463.2114151, , 
001,7,1775665463.2121327, , 
001,7,1775665463.2133942, , 
001,7,1775665463.2140758, , 
001,7,1775665463.2156012, , 
001,7,1775665463.2158837, , 
001,7,1775665463.2168682, , 
001,7,1775665463.2172795, , 
001,7,1775665464.2191063, , 
001,7,1775665464.2210047, , 
001,3,1775665464.2222270, , 
001,7,1775665464.2228266, , 
001,7,1775665464.2232461, , 
001,3,1775665464.2244258, , 
001,7,1775665464.2247638, , 
001,7,1775665464.2251067, , 
001,7,1775665464.2262682, , 
001,7,1775665464.2265772, , 
001,7,1775665464.2277955, , 
001,7,1775665464.2295193, , 
001,7,1775665464.2300305, , 
001,7,1775665464.2310916, , 
001,7,1775665464.2321925, , 
001,7,1775665464.2327612, , 
001,7,1775665464.2354887, , 
001,7,1775665464.2369143, , 
001,7,1775665464.2374438, , 
001,7,1775665464.2391500, , 
001,7,1775665464.2403505, , 
001,7,1775665464.2408430, , 
001,7,1775665464.2418989, , 
001,7,1775665464.2433483, , 
001,7,1775665464.2444669, , 
001,7,1775665464.2456749, , 
001,7,1775665465.2467498, , 
001,7,1775665465.2478098, , 
001,7,1775665465.2489658, , 
001,7,1775665465.2495641, , 
001,7,1775665465.2500550, , 
001,7,1775665465.2517058, , 
001,7,1775665465.2531849, , 
001,7,1775665465.2535183, , 
001,7,1775665465.2538930, , 
001,7,1775665465.2548678, , 
001,7,1775665465.2577322, , 
001,7,1775665465.2619045, , 
001,3,1775665465.2623114, , 
001,7,1775665465.2627129, , 
001,3,1775665465.2631160, , 
001,7,1775665465.2635185, , 
001,7,1775665465.2639226, , 
001,3,1775665465.2643577, , 
001,3,1775665465.2647400, , 
001,3,1775665465.2666092, , 
001,3,1775665465.2670984, , 
001,7,1775665465.2681239, , 
001,3,1775665465.2704950, , 
001,3,1775665466.2709566, , 
001,7,1775665466.2724251, , 
001,7,1775665466.2753941, , 
001,7,1775665466.2792526, , 
001,3,1775665466.2800084, , 
001,7,1775665466.2810163, , 
001,7,1775665466.2822275, , 
001,7,1775665466.2826190, , 
001,7,1775665466.2829797, , 
001,3,1775665466.2847786, , 
001,3,1775665466.2852835, , 
001,7,1775665466.2857786, , 
001,3,1775665466.2868347, , 
001,7,1775665466.2875770, , 
001,7,1775665466.2893031, , 
001,7,1775665466.2921003, , 
001,7,1775665466.2933422, , 
001,7,1775665467.2962644, , 
001,7,1775665467.2979496, , 
001,3,1775665467.2988355, , 
001,3,1775665467.2996725, , 
001,3,1775665467.3018366, , 
001,7,1775665467.3026547, , 
001,3,1775666228.4195018, , 
001,4,1775666230.4203024, , 
001,4,1775666230.4220236, , 
001,3,1775666230.4237452, , 
001,4,1775666246.4273100, , 
001,3,1775666246.4290316, , 
001,3,1775666248.4304688, , 
001,3,1775666256.4357743, , 
001,5,1775666258.4398045, , 
001,5,1775666258.4400717, , 
001,3,1775666315.4452676, , 
001,3,1775666267.4437457, , 
001,3,1775666304.4445332, , 
001,3,1775666113.4172407, , 
001,3,1775666242.4264570, , 
001,4,1775666155.4189858, , 
001,3,1775666495.5645446, , 
001,3,1775666496.5661464, , 
001,3,1775666497.5677488, , 
001,3,1775666556.5766460, , 
001,3,1775666558.5791690, , 
001,3,1775666558.5813520, , 
001,3,1775666586.5858960, , 
001,3,1775666586.5868147, , 
001,3,1775666680.5908203, , 
001,3,1775666615.5902738, , 
001,4,1775666562.5832906, , 
001,4,1775666562.5841877, , 
001,4,1775666562.5850592, , 
001,4,1775666503.5693520, , 
001,4,1775666505.5702406, , 
001,4,1775666540.5716194, , 
001,4,1775666545.5736899, , 
001,3,1775667403.6132182, , 
001,4,1775667404.6145426, , 
001,3,1775667405.6168458, , 
001,3,1775667405.6180322, , 
001,4,1775666807.5956257, , 
001,3,1775666808.5965175, , 
001,3,1775666809.5982442, , 
001,3,1775666810.5987905, , 
001,3,1775666773.5929261, , 
001,3,1775666773.5950301, , 
001,3,1775666832.6033659, , 
001,3,1775666991.6067476, , 
001,3,1775666816.6019797, , 
001,3,1775667115.6081812, , 
001,4,1775667379.6103454, , 
001,4,1775666810.6005185, , 
001,4,1775667940.6545878, , 
001,4,1775667940.6548724, , 
001,3,1775667941.6557262, , 
001,3,1775667893.6508851, , 
001,4,1775667893.6515314, , 
001,4,1775667819.6468786, , 
001,3,1775667820.6484620, , 
001,3,1775667969.6594679, , 
001,3,1775667971.6600635, , 
001,3,1775667772.6447193, , 
001,3,1775667733.6434337, , 
001,4,1775668046.6615929, , 
001,4,1775668047.6618614, , 
001,4,1775667933.6526762, , 
001,3,1775668000.6614353, , 
001,3,1775668508.6981637, , 
001,3,1775668508.6990357, , 
001,4,1775668511.7001879, , 
001,3,1775668593.7106628, , 
001,4,1775668597.7112232, , 
001,3,1775668600.7115201, , 
001,4,1775668463.6917247, , 
001,4,1775668464.6920095, , 
001,3,1775668464.6922943, , 
001,3,1775668535.7064219, , 
001,3,1775668535.7072899, , 
001,3,1775668328.6870566, , 
001,3,1775668374.6887617, , 
001,4,1775668551.7083939, , 
000,3,1775668554.7104742,"type=AVC msg=audit(1775668554.085:326): avc:  denied  { open } for  pid=1 comm=""systemd"" path=""/etc/systemd/system/updateIndexerHeap.service"" dev=""sda1"" ino=1805065 scontext=system_u:system_r:init_t:s0 tcontext=unconfined_u:object_r:user_home_t:s0 tclass=file permissive=1", 
000,3,1775668554.7105355,"type=AVC msg=audit(1775668554.085:325): avc:  denied  { read } for  pid=1 comm=""systemd"" name=""updateIndexerHeap.service"" dev=""sda1"" ino=1805065 scontext=system_u:system_r:init_t:s0 tcontext=unconfined_u:object_r:user_home_t:s0 tclass=file permissive=1", 
000,3,1775668554.7105998,"type=AVC msg=audit(1775668554.085:327): avc:  denied  { ioctl } for  pid=1 comm=""systemd"" path=""/etc/systemd/system/updateIndexerHeap.service"" dev=""sda1"" ino=1805065 ioctlcmd=0x5401 scontext=system_u:system_r:init_t:s0 tcontext=unconfined_u:object_r:user_home_t:s0 tclass=file permissive=1", 
001,3,1775668477.6934323, , 
001,3,1775668608.7124826, , 
001,3,1775669203.7670861, , 
001,3,1775669204.7678918, , 
001,4,1775669206.7684984, , 
001,4,1775669206.7687784, , 
001,4,1775669206.7690584, , 
001,3,1775669206.7693487, , 
001,4,1775669175.7629943, , 
001,3,1775669176.7644179, , 
001,3,1775669207.7699369, , 
001,3,1775669210.7711321, , 
001,3,1775669213.7725287, , 
001,3,1775669196.7665219, , 
001,3,1775669221.7736918, , 
001,4,1775669128.7568707, , 
001,4,1775669128.7577474, , 
001,4,1775669131.7586241, , 
001,4,1775669068.7522695, , 